IID,HLA_type,HLA_DRDQ,HLA_Class_1,HLA_Class_2,Non_HLA,cdgrs-sharp25_total
HG00096,X/X,0.0,,,-0.234,-0.234
HG00097,DQ75/X,0.47,,,0.0,0.47
HG00099,X/X,0.0,,,-0.117,-0.117
HG00100,X/X,0.0,,,-0.117,-0.117
HG00101,DQ75/X,0.47,,,-0.117,0.353
HG00102,DQ75/X,0.47,,,-0.234,0.23599999999999996
HG00103,DQ75/DQ75,0.39,,,-0.117,0.273
HG00105,DQ75/X,0.47,,,-0.234,0.23599999999999996
HG00106,X/X,0.0,,,-0.234,-0.234
HG00107,DQ75/DQ75,0.39,,,-0.234,0.156
HG00108,X/X,0.0,,,0.0,0.0
HG00109,DQ75/X,0.47,,,-0.117,0.353
HG00110,DQ75/X,0.47,,,-0.117,0.353
HG00111,X/X,0.0,,,0.0,0.0
HG00112,X/X,0.0,,,0.0,0.0
HG00113,DQ75/X,0.47,,,-0.234,0.23599999999999996
HG00114,DQ75/X,0.47,,,-0.234,0.23599999999999996
HG00115,DQ75/DQ75,0.39,,,-0.234,0.156
HG00116,DQ75/DQ75,0.39,,,-0.117,0.273
HG00117,X/X,0.0,,,-0.234,-0.234
HG00118,DQ75/DQ75,0.39,,,-0.117,0.273
HG00119,DQ75/X,0.47,,,0.0,0.47
HG00120,DQ75/DQ75,0.39,,,-0.117,0.273
HG00121,DQ75/DQ75,0.39,,,-0.234,0.156
HG00122,X/X,0.0,,,0.0,0.0
HG00123,X/X,0.0,,,-0.117,-0.117
HG00125,X/X,0.0,,,-0.117,-0.117
HG00126,DQ75/X,0.47,,,0.0,0.47
HG00127,X/X,0.0,,,-0.234,-0.234
HG00128,DQ75/X,0.47,,,0.0,0.47
HG00129,DQ75/DQ75,0.39,,,-0.117,0.273
HG00130,DQ75/DQ75,0.39,,,-0.117,0.273
HG00131,X/X,0.0,,,-0.117,-0.117
HG00132,DQ75/DQ75,0.39,,,-0.117,0.273
HG00133,DQ75/DQ75,0.39,,,-0.117,0.273
HG00136,DQ75/DQ75,0.39,,,-0.117,0.273
HG00137,DQ75/X,0.47,,,-0.234,0.23599999999999996
HG00138,DQ75/DQ75,0.39,,,0.0,0.39
HG00139,X/X,0.0,,,-0.234,-0.234
HG00140,DQ75/X,0.47,,,0.0,0.47
HG00141,DQ75/X,0.47,,,-0.234,0.23599999999999996
HG00142,X/X,0.0,,,-0.117,-0.117
HG00143,DQ75/DQ75,0.39,,,-0.117,0.273
HG00145,DQ75/DQ75,0.39,,,-0.117,0.273
HG00146,DQ75/X,0.47,,,-0.117,0.353
HG00148,DQ75/X,0.47,,,-0.117,0.353
HG00149,DQ75/DQ75,0.39,,,-0.117,0.273
HG00150,DQ75/DQ75,0.39,,,0.0,0.39
HG00151,DQ75/X,0.47,,,-0.117,0.353
HG00154,DQ75/DQ75,0.39,,,-0.117,0.273
HG00155,X/X,0.0,,,-0.117,-0.117
HG00157,DQ75/X,0.47,,,0.0,0.47
HG00158,DQ75/DQ75,0.39,,,0.0,0.39
HG00159,DQ75/X,0.47,,,0.0,0.47
HG00160,X/X,0.0,,,-0.234,-0.234
HG00171,X/X,0.0,,,-0.117,-0.117
HG00173,DQ75/X,0.47,,,0.0,0.47
HG00174,DQ75/DQ75,0.39,,,0.0,0.39
HG00176,DQ75/DQ75,0.39,,,-0.117,0.273
HG00177,X/X,0.0,,,-0.117,-0.117
HG00178,DQ75/DQ75,0.39,,,-0.234,0.156
HG00179,DQ75/DQ75,0.39,,,0.0,0.39
HG00180,X/X,0.0,,,-0.234,-0.234
HG00181,DQ75/DQ75,0.39,,,-0.117,0.273
HG00182,DQ75/DQ75,0.39,,,-0.234,0.156
HG00183,X/X,0.0,,,0.0,0.0
HG00185,DQ75/DQ75,0.39,,,-0.117,0.273
HG00186,X/X,0.0,,,-0.117,-0.117
HG00187,DQ75/DQ75,0.39,,,-0.117,0.273
HG00188,X/X,0.0,,,-0.117,-0.117
HG00189,DQ75/DQ75,0.39,,,-0.117,0.273
HG00190,X/X,0.0,,,-0.234,-0.234
HG00231,DQ75/DQ75,0.39,,,0.0,0.39
HG00232,DQ75/DQ75,0.39,,,-0.234,0.156
HG00233,DQ75/DQ75,0.39,,,-0.117,0.273
HG00234,DQ75/X,0.47,,,-0.117,0.353
HG00235,X/X,0.0,,,0.0,0.0
HG00236,DQ75/X,0.47,,,-0.117,0.353
HG00237,DQ75/DQ75,0.39,,,-0.117,0.273
HG00238,DQ75/X,0.47,,,-0.117,0.353
HG00239,X/X,0.0,,,-0.117,-0.117
HG00240,X/X,0.0,,,-0.234,-0.234
HG00242,DQ75/X,0.47,,,0.0,0.47
HG00243,DQ75/X,0.47,,,-0.117,0.353
HG00244,X/X,0.0,,,-0.117,-0.117
HG00245,DQ75/X,0.47,,,-0.117,0.353
HG00246,DQ75/X,0.47,,,-0.117,0.353
HG00250,X/X,0.0,,,-0.234,-0.234
HG00251,X/X,0.0,,,-0.117,-0.117
HG00252,X/X,0.0,,,-0.117,-0.117
HG00253,DQ75/X,0.47,,,-0.234,0.23599999999999996
HG00254,DQ75/DQ75,0.39,,,0.0,0.39
HG00255,X/X,0.0,,,-0.117,-0.117
HG00256,DQ75/X,0.47,,,-0.117,0.353
HG00257,DQ75/X,0.47,,,-0.117,0.353
HG00258,DQ75/X,0.47,,,-0.117,0.353
HG00259,X/X,0.0,,,-0.117,-0.117
HG00260,DQ75/DQ75,0.39,,,-0.234,0.156
HG00261,DQ75/X,0.47,,,0.0,0.47
HG00262,X/X,0.0,,,0.0,0.0
HG00263,DQ75/DQ75,0.39,,,0.0,0.39
HG00264,X/X,0.0,,,-0.117,-0.117
HG00265,X/X,0.0,,,-0.117,-0.117
HG00266,DQ75/X,0.47,,,-0.117,0.353
HG00267,X/X,0.0,,,-0.234,-0.234
HG00268,DQ75/DQ75,0.39,,,-0.117,0.273
HG00269,DQ75/DQ75,0.39,,,-0.234,0.156
HG00271,DQ75/DQ75,0.39,,,0.0,0.39
HG00272,DQ75/X,0.47,,,0.0,0.47
HG00273,DQ75/X,0.47,,,-0.117,0.353
HG00274,X/X,0.0,,,-0.117,-0.117
HG00275,DQ75/DQ75,0.39,,,0.0,0.39
HG00276,DQ75/DQ75,0.39,,,-0.117,0.273
HG00277,DQ75/DQ75,0.39,,,-0.234,0.156
HG00278,X/X,0.0,,,-0.117,-0.117
HG00280,X/X,0.0,,,0.0,0.0
HG00281,DQ75/DQ75,0.39,,,-0.234,0.156
HG00282,DQ75/DQ75,0.39,,,-0.117,0.273
HG00284,X/X,0.0,,,-0.117,-0.117
HG00285,X/X,0.0,,,-0.117,-0.117
HG00288,DQ75/X,0.47,,,-0.117,0.353
HG00290,DQ75/DQ75,0.39,,,0.0,0.39
HG00304,DQ75/DQ75,0.39,,,0.0,0.39
HG00306,X/X,0.0,,,-0.234,-0.234
HG00308,DQ75/DQ75,0.39,,,-0.117,0.273
HG00309,DQ75/X,0.47,,,-0.117,0.353
HG00310,DQ75/DQ75,0.39,,,-0.117,0.273
HG00311,DQ75/DQ75,0.39,,,-0.117,0.273
HG00313,DQ75/DQ75,0.39,,,-0.117,0.273
HG00315,X/X,0.0,,,-0.234,-0.234
HG00318,X/X,0.0,,,0.0,0.0
HG00319,DQ75/DQ75,0.39,,,-0.117,0.273
HG00320,X/X,0.0,,,0.0,0.0
HG00321,DQ75/DQ75,0.39,,,-0.117,0.273
HG00323,DQ75/DQ75,0.39,,,-0.117,0.273
HG00324,DQ75/X,0.47,,,-0.117,0.353
HG00325,DQ75/X,0.47,,,-0.234,0.23599999999999996
HG00326,X/X,0.0,,,-0.117,-0.117
HG00327,X/X,0.0,,,-0.117,-0.117
HG00328,DQ75/DQ75,0.39,,,0.0,0.39
HG00329,DQ75/DQ75,0.39,,,0.0,0.39
HG00330,DQ75/DQ75,0.39,,,0.0,0.39
HG00331,DQ75/DQ75,0.39,,,-0.234,0.156
HG00332,DQ75/DQ75,0.39,,,0.0,0.39
HG00334,X/X,0.0,,,-0.117,-0.117
HG00335,X/X,0.0,,,-0.234,-0.234
HG00336,DQ75/DQ75,0.39,,,0.0,0.39
HG00337,DQ75/DQ75,0.39,,,-0.117,0.273
HG00338,DQ75/DQ75,0.39,,,-0.117,0.273
HG00339,DQ75/DQ75,0.39,,,-0.117,0.273
HG00341,X/X,0.0,,,0.0,0.0
HG00342,X/X,0.0,,,-0.117,-0.117
HG00343,DQ75/DQ75,0.39,,,-0.117,0.273
HG00344,DQ75/DQ75,0.39,,,-0.117,0.273
HG00345,DQ75/X,0.47,,,0.0,0.47
HG00346,DQ75/DQ75,0.39,,,-0.117,0.273
HG00349,DQ75/DQ75,0.39,,,-0.234,0.156
HG00350,DQ75/DQ75,0.39,,,-0.234,0.156
HG00351,DQ75/DQ75,0.39,,,-0.117,0.273
HG00353,DQ75/DQ75,0.39,,,0.0,0.39
HG00355,DQ75/DQ75,0.39,,,-0.117,0.273
HG00356,X/X,0.0,,,0.0,0.0
HG00357,X/X,0.0,,,-0.234,-0.234
HG00358,DQ75/X,0.47,,,0.0,0.47
HG00360,X/X,0.0,,,-0.234,-0.234
HG00361,DQ75/DQ75,0.39,,,-0.234,0.156
HG00362,DQ75/DQ75,0.39,,,-0.117,0.273
HG00364,DQ75/DQ75,0.39,,,-0.234,0.156
HG00365,DQ75/X,0.47,,,-0.234,0.23599999999999996
HG00366,X/X,0.0,,,-0.117,-0.117
HG00367,DQ75/DQ75,0.39,,,-0.234,0.156
HG00368,X/X,0.0,,,0.0,0.0
HG00369,DQ75/DQ75,0.39,,,0.0,0.39
HG00371,X/X,0.0,,,0.0,0.0
HG00372,DQ75/DQ75,0.39,,,0.0,0.39
HG00373,DQ75/DQ75,0.39,,,-0.117,0.273
HG00375,DQ75/X,0.47,,,0.0,0.47
HG00376,DQ75/DQ75,0.39,,,0.0,0.39
HG00378,DQ75/DQ75,0.39,,,-0.117,0.273
HG00379,DQ75/DQ75,0.39,,,0.0,0.39
HG00380,DQ75/DQ75,0.39,,,-0.117,0.273
HG00381,X/X,0.0,,,0.0,0.0
HG00382,DQ75/DQ75,0.39,,,0.0,0.39
HG00383,X/X,0.0,,,-0.234,-0.234
HG00384,DQ75/X,0.47,,,-0.117,0.353
HG00403,DQ75/X,0.47,,,-0.234,0.23599999999999996
HG00404,X/X,0.0,,,-0.117,-0.117
HG00406,DQ75/DQ75,0.39,,,-0.117,0.273
HG00407,DQ75/DQ75,0.39,,,-0.117,0.273
HG00409,X/X,0.0,,,-0.117,-0.117
HG00410,X/X,0.0,,,0.0,0.0
HG00419,X/X,0.0,,,-0.117,-0.117
HG00421,X/X,0.0,,,-0.117,-0.117
HG00422,X/X,0.0,,,-0.117,-0.117
HG00428,X/X,0.0,,,-0.234,-0.234
HG00436,DQ75/X,0.47,,,0.0,0.47
HG00437,X/X,0.0,,,-0.117,-0.117
HG00442,DQ75/DQ75,0.39,,,-0.117,0.273
HG00443,X/X,0.0,,,0.0,0.0
HG00445,DQ75/DQ75,0.39,,,-0.234,0.156
HG00446,DQ75/X,0.47,,,0.0,0.47
HG00448,DQ75/X,0.47,,,0.0,0.47
HG00449,DQ75/X,0.47,,,0.0,0.47
HG00451,X/X,0.0,,,-0.117,-0.117
HG00452,DQ75/X,0.47,,,-0.117,0.353
HG00457,X/X,0.0,,,-0.117,-0.117
HG00458,X/X,0.0,,,0.0,0.0
HG00463,X/X,0.0,,,0.0,0.0
HG00464,X/X,0.0,,,-0.117,-0.117
HG00472,DQ75/DQ75,0.39,,,0.0,0.39
HG00473,X/X,0.0,,,-0.234,-0.234
HG00475,DQ75/X,0.47,,,0.0,0.47
HG00476,X/X,0.0,,,-0.117,-0.117
HG00478,DQ75/DQ75,0.39,,,-0.117,0.273
HG00479,DQ75/DQ75,0.39,,,0.0,0.39
HG00500,X/X,0.0,,,-0.117,-0.117
HG00513,DQ75/X,0.47,,,-0.234,0.23599999999999996
HG00524,X/X,0.0,,,-0.117,-0.117
HG00525,X/X,0.0,,,-0.117,-0.117
HG00530,X/X,0.0,,,0.0,0.0
HG00531,DQ75/X,0.47,,,0.0,0.47
HG00533,DQ75/X,0.47,,,0.0,0.47
HG00534,X/X,0.0,,,0.0,0.0
HG00536,X/X,0.0,,,-0.234,-0.234
HG00537,X/X,0.0,,,0.0,0.0
HG00542,DQ75/DQ75,0.39,,,0.0,0.39
HG00543,DQ75/DQ75,0.39,,,0.0,0.39
HG00551,DQ75/DQ75,0.39,,,0.0,0.39
HG00553,DQ75/DQ75,0.39,,,-0.117,0.273
HG00554,DQ75/DQ75,0.39,,,-0.117,0.273
HG00556,X/X,0.0,,,0.0,0.0
HG00557,DQ75/DQ75,0.39,,,0.0,0.39
HG00559,X/X,0.0,,,0.0,0.0
HG00560,DQ75/DQ75,0.39,,,0.0,0.39
HG00565,DQ75/DQ75,0.39,,,-0.117,0.273
HG00566,X/X,0.0,,,-0.234,-0.234
HG00580,X/X,0.0,,,-0.234,-0.234
HG00581,DQ75/DQ75,0.39,,,-0.117,0.273
HG00583,X/X,0.0,,,0.0,0.0
HG00584,DQ75/DQ75,0.39,,,0.0,0.39
HG00589,X/X,0.0,,,-0.234,-0.234
HG00590,DQ75/X,0.47,,,0.0,0.47
HG00592,X/X,0.0,,,-0.117,-0.117
HG00593,DQ75/DQ75,0.39,,,-0.117,0.273
HG00595,X/X,0.0,,,0.0,0.0
HG00596,X/X,0.0,,,-0.117,-0.117
HG00598,X/X,0.0,,,0.0,0.0
HG00599,X/X,0.0,,,-0.117,-0.117
HG00607,DQ75/X,0.47,,,0.0,0.47
HG00608,X/X,0.0,,,0.0,0.0
HG00610,X/X,0.0,,,0.0,0.0
HG00611,X/X,0.0,,,-0.117,-0.117
HG00613,X/X,0.0,,,-0.234,-0.234
HG00614,X/X,0.0,,,-0.234,-0.234
HG00619,DQ75/DQ75,0.39,,,-0.234,0.156
HG00620,X/X,0.0,,,0.0,0.0
HG00622,DQ75/X,0.47,,,-0.117,0.353
HG00623,DQ75/X,0.47,,,0.0,0.47
HG00625,DQ75/DQ75,0.39,,,-0.234,0.156
HG00626,DQ75/DQ75,0.39,,,0.0,0.39
HG00628,X/X,0.0,,,-0.117,-0.117
HG00629,X/X,0.0,,,0.0,0.0
HG00631,X/X,0.0,,,-0.117,-0.117
HG00632,DQ75/X,0.47,,,-0.117,0.353
HG00634,X/X,0.0,,,0.0,0.0
HG00637,X/X,0.0,,,0.0,0.0
HG00638,X/X,0.0,,,-0.117,-0.117
HG00640,X/X,0.0,,,-0.117,-0.117
HG00641,DQ75/DQ75,0.39,,,-0.117,0.273
HG00650,X/X,0.0,,,-0.117,-0.117
HG00651,X/X,0.0,,,-0.117,-0.117
HG00653,X/X,0.0,,,-0.117,-0.117
HG00654,DQ75/X,0.47,,,-0.117,0.353
HG00656,DQ75/X,0.47,,,-0.117,0.353
HG00657,DQ75/DQ75,0.39,,,-0.117,0.273
HG00662,DQ75/DQ75,0.39,,,0.0,0.39
HG00663,DQ75/DQ75,0.39,,,0.0,0.39
HG00671,X/X,0.0,,,-0.117,-0.117
HG00672,X/X,0.0,,,0.0,0.0
HG00674,X/X,0.0,,,0.0,0.0
HG00675,DQ75/X,0.47,,,-0.117,0.353
HG00683,X/X,0.0,,,0.0,0.0
HG00684,X/X,0.0,,,0.0,0.0
HG00689,X/X,0.0,,,0.0,0.0
HG00690,DQ75/DQ75,0.39,,,0.0,0.39
HG00692,X/X,0.0,,,0.0,0.0
HG00693,X/X,0.0,,,0.0,0.0
HG00698,DQ75/DQ75,0.39,,,0.0,0.39
HG00699,DQ75/X,0.47,,,-0.234,0.23599999999999996
HG00701,X/X,0.0,,,0.0,0.0
HG00704,DQ75/X,0.47,,,0.0,0.47
HG00705,DQ75/DQ75,0.39,,,-0.234,0.156
HG00707,DQ75/DQ75,0.39,,,0.0,0.39
HG00708,X/X,0.0,,,-0.234,-0.234
HG00717,DQ75/DQ75,0.39,,,0.0,0.39
HG00728,X/X,0.0,,,-0.117,-0.117
HG00729,X/X,0.0,,,0.0,0.0
HG00731,X/X,0.0,,,-0.117,-0.117
HG00732,DQ75/X,0.47,,,-0.234,0.23599999999999996
HG00734,DQ75/DQ75,0.39,,,-0.117,0.273
HG00736,DQ75/X,0.47,,,0.0,0.47
HG00737,DQ75/DQ75,0.39,,,-0.117,0.273
HG00739,X/X,0.0,,,-0.117,-0.117
HG00740,DQ75/DQ75,0.39,,,-0.234,0.156
HG00742,X/X,0.0,,,0.0,0.0
HG00743,X/X,0.0,,,0.0,0.0
HG00759,DQ75/DQ75,0.39,,,0.0,0.39
HG00766,DQ75/X,0.47,,,0.0,0.47
HG00844,DQ75/X,0.47,,,0.0,0.47
HG00851,DQ75/DQ75,0.39,,,-0.234,0.156
HG00864,DQ75/DQ75,0.39,,,0.0,0.39
HG00867,DQ75/DQ75,0.39,,,0.0,0.39
HG00879,X/X,0.0,,,-0.117,-0.117
HG00881,X/X,0.0,,,0.0,0.0
HG00956,DQ75/DQ75,0.39,,,-0.117,0.273
HG00978,X/X,0.0,,,0.0,0.0
HG00982,DQ75/DQ75,0.39,,,0.0,0.39
HG01028,DQ75/DQ75,0.39,,,-0.234,0.156
HG01029,X/X,0.0,,,-0.234,-0.234
HG01031,DQ75/DQ75,0.39,,,0.0,0.39
HG01046,DQ75/DQ75,0.39,,,0.0,0.39
HG01047,DQ75/DQ75,0.39,,,-0.117,0.273
HG01048,X/X,0.0,,,-0.117,-0.117
HG01049,DQ75/X,0.47,,,0.0,0.47
HG01051,X/X,0.0,,,0.0,0.0
HG01052,X/X,0.0,,,-0.117,-0.117
HG01054,X/X,0.0,,,-0.234,-0.234
HG01055,X/X,0.0,,,-0.234,-0.234
HG01058,X/X,0.0,,,0.0,0.0
HG01060,DQ75/DQ75,0.39,,,-0.117,0.273
HG01061,X/X,0.0,,,-0.234,-0.234
HG01063,X/X,0.0,,,0.0,0.0
HG01064,DQ75/DQ75,0.39,,,-0.117,0.273
HG01066,X/X,0.0,,,-0.234,-0.234
HG01067,X/X,0.0,,,-0.117,-0.117
HG01069,X/X,0.0,,,0.0,0.0
HG01070,X/X,0.0,,,-0.117,-0.117
HG01072,DQ75/X,0.47,,,-0.234,0.23599999999999996
HG01073,X/X,0.0,,,-0.117,-0.117
HG01075,DQ75/X,0.47,,,0.0,0.47
HG01077,X/X,0.0,,,-0.117,-0.117
HG01079,X/X,0.0,,,0.0,0.0
HG01080,DQ75/X,0.47,,,-0.117,0.353
HG01082,X/X,0.0,,,-0.234,-0.234
HG01083,DQ75/X,0.47,,,0.0,0.47
HG01085,X/X,0.0,,,-0.117,-0.117
HG01086,DQ75/DQ75,0.39,,,-0.117,0.273
HG01088,DQ75/DQ75,0.39,,,-0.117,0.273
HG01089,X/X,0.0,,,0.0,0.0
HG01092,X/X,0.0,,,0.0,0.0
HG01094,X/X,0.0,,,-0.117,-0.117
HG01095,X/X,0.0,,,0.0,0.0
HG01097,DQ75/DQ75,0.39,,,-0.117,0.273
HG01098,X/X,0.0,,,-0.117,-0.117
HG01101,DQ75/X,0.47,,,-0.234,0.23599999999999996
HG01102,X/X,0.0,,,0.0,0.0
HG01104,DQ75/X,0.47,,,-0.117,0.353
HG01105,X/X,0.0,,,-0.117,-0.117
HG01107,DQ75/DQ75,0.39,,,-0.117,0.273
HG01108,DQ75/X,0.47,,,0.0,0.47
HG01110,DQ75/DQ75,0.39,,,-0.117,0.273
HG01111,DQ75/DQ75,0.39,,,0.0,0.39
HG01112,DQ75/DQ75,0.39,,,-0.117,0.273
HG01113,X/X,0.0,,,-0.117,-0.117
HG01119,DQ75/DQ75,0.39,,,-0.117,0.273
HG01121,X/X,0.0,,,0.0,0.0
HG01122,DQ75/X,0.47,,,-0.117,0.353
HG01124,X/X,0.0,,,-0.117,-0.117
HG01125,DQ75/X,0.47,,,-0.117,0.353
HG01130,X/X,0.0,,,-0.117,-0.117
HG01131,DQ75/DQ75,0.39,,,-0.117,0.273
HG01133,DQ75/X,0.47,,,-0.117,0.353
HG01134,X/X,0.0,,,0.0,0.0
HG01136,DQ75/X,0.47,,,0.0,0.47
HG01137,DQ75/DQ75,0.39,,,-0.117,0.273
HG01139,X/X,0.0,,,-0.234,-0.234
HG01140,X/X,0.0,,,-0.117,-0.117
HG01142,DQ75/DQ75,0.39,,,-0.117,0.273
HG01148,DQ75/X,0.47,,,-0.117,0.353
HG01149,DQ75/DQ75,0.39,,,-0.234,0.156
HG01161,DQ75/DQ75,0.39,,,0.0,0.39
HG01162,X/X,0.0,,,0.0,0.0
HG01164,DQ75/DQ75,0.39,,,0.0,0.39
HG01167,DQ75/DQ75,0.39,,,0.0,0.39
HG01168,X/X,0.0,,,-0.117,-0.117
HG01170,DQ75/DQ75,0.39,,,0.0,0.39
HG01171,DQ75/X,0.47,,,0.0,0.47
HG01173,DQ75/X,0.47,,,0.0,0.47
HG01174,DQ75/DQ75,0.39,,,-0.117,0.273
HG01176,DQ75/X,0.47,,,0.0,0.47
HG01177,X/X,0.0,,,-0.117,-0.117
HG01182,X/X,0.0,,,-0.117,-0.117
HG01183,DQ75/X,0.47,,,-0.117,0.353
HG01187,X/X,0.0,,,-0.234,-0.234
HG01188,X/X,0.0,,,-0.117,-0.117
HG01190,X/X,0.0,,,0.0,0.0
HG01191,DQ75/DQ75,0.39,,,0.0,0.39
HG01197,X/X,0.0,,,0.0,0.0
HG01198,X/X,0.0,,,0.0,0.0
HG01200,X/X,0.0,,,-0.234,-0.234
HG01204,X/X,0.0,,,0.0,0.0
HG01205,DQ75/DQ75,0.39,,,-0.234,0.156
HG01241,DQ75/DQ75,0.39,,,-0.117,0.273
HG01242,DQ75/DQ75,0.39,,,0.0,0.39
HG01247,X/X,0.0,,,0.0,0.0
HG01248,DQ75/DQ75,0.39,,,0.0,0.39
HG01250,X/X,0.0,,,-0.234,-0.234
HG01251,X/X,0.0,,,-0.117,-0.117
HG01253,DQ75/DQ75,0.39,,,-0.117,0.273
HG01254,DQ75/DQ75,0.39,,,-0.117,0.273
HG01256,DQ75/DQ75,0.39,,,-0.117,0.273
HG01257,DQ75/X,0.47,,,-0.234,0.23599999999999996
HG01259,X/X,0.0,,,-0.117,-0.117
HG01260,DQ75/X,0.47,,,-0.117,0.353
HG01269,DQ75/DQ75,0.39,,,0.0,0.39
HG01271,DQ75/DQ75,0.39,,,-0.117,0.273
HG01272,DQ75/DQ75,0.39,,,0.0,0.39
HG01275,DQ75/DQ75,0.39,,,-0.234,0.156
HG01277,DQ75/DQ75,0.39,,,0.0,0.39
HG01280,DQ75/DQ75,0.39,,,-0.234,0.156
HG01281,DQ75/X,0.47,,,-0.234,0.23599999999999996
HG01284,DQ75/DQ75,0.39,,,-0.117,0.273
HG01286,X/X,0.0,,,-0.117,-0.117
HG01302,X/X,0.0,,,0.0,0.0
HG01303,X/X,0.0,,,-0.117,-0.117
HG01305,X/X,0.0,,,0.0,0.0
HG01308,DQ75/X,0.47,,,0.0,0.47
HG01311,DQ75/DQ75,0.39,,,-0.117,0.273
HG01312,DQ75/X,0.47,,,0.0,0.47
HG01323,DQ75/X,0.47,,,0.0,0.47
HG01325,DQ75/DQ75,0.39,,,-0.117,0.273
HG01326,X/X,0.0,,,-0.117,-0.117
HG01334,DQ75/X,0.47,,,-0.117,0.353
HG01341,X/X,0.0,,,-0.117,-0.117
HG01342,DQ75/X,0.47,,,-0.117,0.353
HG01344,DQ75/X,0.47,,,0.0,0.47
HG01345,DQ75/DQ75,0.39,,,-0.117,0.273
HG01348,DQ75/DQ75,0.39,,,0.0,0.39
HG01350,X/X,0.0,,,-0.117,-0.117
HG01351,DQ75/DQ75,0.39,,,-0.117,0.273
HG01353,DQ75/DQ75,0.39,,,-0.234,0.156
HG01354,DQ75/DQ75,0.39,,,-0.117,0.273
HG01356,X/X,0.0,,,-0.117,-0.117
HG01357,DQ75/DQ75,0.39,,,-0.234,0.156
HG01359,DQ75/X,0.47,,,-0.117,0.353
HG01360,X/X,0.0,,,-0.117,-0.117
HG01362,X/X,0.0,,,0.0,0.0
HG01363,DQ75/X,0.47,,,-0.117,0.353
HG01365,X/X,0.0,,,-0.117,-0.117
HG01366,DQ75/X,0.47,,,0.0,0.47
HG01369,X/X,0.0,,,0.0,0.0
HG01372,DQ75/DQ75,0.39,,,-0.234,0.156
HG01374,DQ75/X,0.47,,,-0.234,0.23599999999999996
HG01375,DQ75/X,0.47,,,-0.117,0.353
HG01377,DQ75/DQ75,0.39,,,0.0,0.39
HG01378,X/X,0.0,,,0.0,0.0
HG01383,DQ75/X,0.47,,,-0.117,0.353
HG01384,DQ75/X,0.47,,,-0.117,0.353
HG01389,X/X,0.0,,,0.0,0.0
HG01390,DQ75/DQ75,0.39,,,-0.117,0.273
HG01392,DQ75/DQ75,0.39,,,-0.117,0.273
HG01393,DQ75/DQ75,0.39,,,-0.117,0.273
HG01395,X/X,0.0,,,-0.117,-0.117
HG01396,DQ75/X,0.47,,,0.0,0.47
HG01398,DQ75/DQ75,0.39,,,0.0,0.39
HG01402,X/X,0.0,,,0.0,0.0
HG01403,DQ75/DQ75,0.39,,,0.0,0.39
HG01405,X/X,0.0,,,-0.117,-0.117
HG01412,X/X,0.0,,,-0.117,-0.117
HG01413,X/X,0.0,,,-0.117,-0.117
HG01414,DQ75/X,0.47,,,-0.117,0.353
HG01431,X/X,0.0,,,-0.117,-0.117
HG01432,X/X,0.0,,,0.0,0.0
HG01435,X/X,0.0,,,-0.234,-0.234
HG01437,DQ75/DQ75,0.39,,,0.0,0.39
HG01438,DQ75/DQ75,0.39,,,-0.117,0.273
HG01440,X/X,0.0,,,0.0,0.0
HG01441,DQ75/DQ75,0.39,,,-0.234,0.156
HG01443,X/X,0.0,,,0.0,0.0
HG01444,DQ75/DQ75,0.39,,,-0.117,0.273
HG01447,DQ75/DQ75,0.39,,,0.0,0.39
HG01455,X/X,0.0,,,-0.117,-0.117
HG01456,DQ75/X,0.47,,,-0.234,0.23599999999999996
HG01459,X/X,0.0,,,-0.117,-0.117
HG01461,X/X,0.0,,,0.0,0.0
HG01462,DQ75/X,0.47,,,0.0,0.47
HG01464,DQ75/X,0.47,,,-0.117,0.353
HG01465,X/X,0.0,,,0.0,0.0
HG01468,X/X,0.0,,,-0.117,-0.117
HG01474,DQ75/DQ75,0.39,,,-0.117,0.273
HG01479,DQ75/DQ75,0.39,,,-0.117,0.273
HG01485,DQ75/DQ75,0.39,,,0.0,0.39
HG01486,DQ75/X,0.47,,,0.0,0.47
HG01488,X/X,0.0,,,0.0,0.0
HG01489,DQ75/DQ75,0.39,,,0.0,0.39
HG01491,DQ75/X,0.47,,,0.0,0.47
HG01492,DQ75/X,0.47,,,-0.117,0.353
HG01494,DQ75/DQ75,0.39,,,-0.234,0.156
HG01495,X/X,0.0,,,-0.117,-0.117
HG01497,X/X,0.0,,,-0.117,-0.117
HG01498,DQ75/DQ75,0.39,,,-0.117,0.273
HG01500,DQ75/X,0.47,,,0.0,0.47
HG01501,DQ75/X,0.47,,,-0.234,0.23599999999999996
HG01503,DQ75/DQ75,0.39,,,-0.117,0.273
HG01504,DQ75/X,0.47,,,-0.117,0.353
HG01506,DQ75/DQ75,0.39,,,-0.117,0.273
HG01507,DQ75/X,0.47,,,-0.117,0.353
HG01509,X/X,0.0,,,0.0,0.0
HG01510,DQ75/DQ75,0.39,,,-0.234,0.156
HG01512,DQ75/DQ75,0.39,,,-0.117,0.273
HG01513,DQ75/X,0.47,,,-0.117,0.353
HG01515,DQ75/X,0.47,,,-0.117,0.353
HG01516,DQ75/DQ75,0.39,,,0.0,0.39
HG01518,X/X,0.0,,,-0.117,-0.117
HG01519,DQ75/DQ75,0.39,,,-0.234,0.156
HG01521,X/X,0.0,,,0.0,0.0
HG01522,DQ75/DQ75,0.39,,,-0.234,0.156
HG01524,DQ75/X,0.47,,,-0.234,0.23599999999999996
HG01525,DQ75/DQ75,0.39,,,0.0,0.39
HG01527,DQ75/X,0.47,,,-0.117,0.353
HG01528,X/X,0.0,,,0.0,0.0
HG01530,DQ75/X,0.47,,,0.0,0.47
HG01531,X/X,0.0,,,0.0,0.0
HG01536,X/X,0.0,,,-0.234,-0.234
HG01537,X/X,0.0,,,-0.117,-0.117
HG01550,X/X,0.0,,,0.0,0.0
HG01551,DQ75/X,0.47,,,0.0,0.47
HG01556,X/X,0.0,,,-0.117,-0.117
HG01565,DQ75/DQ75,0.39,,,-0.234,0.156
HG01566,X/X,0.0,,,-0.117,-0.117
HG01571,X/X,0.0,,,-0.234,-0.234
HG01572,X/X,0.0,,,-0.117,-0.117
HG01577,DQ75/X,0.47,,,-0.117,0.353
HG01578,DQ75/X,0.47,,,0.0,0.47
HG01583,DQ75/DQ75,0.39,,,-0.117,0.273
HG01586,DQ75/X,0.47,,,-0.117,0.353
HG01589,DQ75/X,0.47,,,-0.117,0.353
HG01593,DQ75/DQ75,0.39,,,-0.117,0.273
HG01595,X/X,0.0,,,0.0,0.0
HG01596,DQ75/X,0.47,,,0.0,0.47
HG01597,X/X,0.0,,,-0.117,-0.117
HG01598,X/X,0.0,,,0.0,0.0
HG01599,X/X,0.0,,,-0.117,-0.117
HG01600,DQ75/DQ75,0.39,,,0.0,0.39
HG01602,X/X,0.0,,,-0.117,-0.117
HG01603,X/X,0.0,,,-0.117,-0.117
HG01605,DQ75/DQ75,0.39,,,-0.117,0.273
HG01606,DQ75/DQ75,0.39,,,0.0,0.39
HG01607,DQ75/X,0.47,,,-0.234,0.23599999999999996
HG01608,X/X,0.0,,,-0.234,-0.234
HG01610,DQ75/DQ75,0.39,,,-0.117,0.273
HG01612,X/X,0.0,,,0.0,0.0
HG01613,DQ75/DQ75,0.39,,,-0.117,0.273
HG01615,X/X,0.0,,,-0.117,-0.117
HG01617,DQ75/DQ75,0.39,,,0.0,0.39
HG01618,DQ75/DQ75,0.39,,,-0.117,0.273
HG01619,X/X,0.0,,,-0.234,-0.234
HG01620,DQ75/X,0.47,,,0.0,0.47
HG01623,DQ75/DQ75,0.39,,,-0.117,0.273
HG01624,DQ75/DQ75,0.39,,,0.0,0.39
HG01625,DQ75/DQ75,0.39,,,0.0,0.39
HG01626,DQ75/DQ75,0.39,,,-0.117,0.273
HG01628,X/X,0.0,,,-0.234,-0.234
HG01630,X/X,0.0,,,0.0,0.0
HG01631,X/X,0.0,,,-0.117,-0.117
HG01632,X/X,0.0,,,-0.117,-0.117
HG01668,X/X,0.0,,,0.0,0.0
HG01669,DQ75/DQ75,0.39,,,-0.234,0.156
HG01670,DQ75/X,0.47,,,-0.117,0.353
HG01672,DQ75/DQ75,0.39,,,-0.117,0.273
HG01673,DQ75/DQ75,0.39,,,-0.234,0.156
HG01675,X/X,0.0,,,0.0,0.0
HG01676,DQ75/DQ75,0.39,,,0.0,0.39
HG01678,X/X,0.0,,,0.0,0.0
HG01679,X/X,0.0,,,-0.234,-0.234
HG01680,X/X,0.0,,,-0.117,-0.117
HG01682,X/X,0.0,,,-0.117,-0.117
HG01684,X/X,0.0,,,-0.117,-0.117
HG01685,DQ75/DQ75,0.39,,,0.0,0.39
HG01686,DQ75/X,0.47,,,-0.234,0.23599999999999996
HG01694,DQ75/X,0.47,,,-0.117,0.353
HG01695,DQ75/X,0.47,,,-0.117,0.353
HG01697,DQ75/DQ75,0.39,,,-0.117,0.273
HG01699,DQ75/X,0.47,,,-0.234,0.23599999999999996
HG01700,DQ75/X,0.47,,,0.0,0.47
HG01702,X/X,0.0,,,-0.234,-0.234
HG01704,X/X,0.0,,,0.0,0.0
HG01705,X/X,0.0,,,0.0,0.0
HG01707,DQ75/DQ75,0.39,,,0.0,0.39
HG01708,DQ75/DQ75,0.39,,,0.0,0.39
HG01709,DQ75/DQ75,0.39,,,-0.117,0.273
HG01710,DQ75/DQ75,0.39,,,0.0,0.39
HG01746,DQ75/X,0.47,,,-0.117,0.353
HG01747,DQ75/X,0.47,,,-0.117,0.353
HG01756,X/X,0.0,,,0.0,0.0
HG01757,X/X,0.0,,,-0.117,-0.117
HG01761,DQ75/DQ75,0.39,,,0.0,0.39
HG01762,X/X,0.0,,,-0.117,-0.117
HG01765,X/X,0.0,,,-0.117,-0.117
HG01766,X/X,0.0,,,-0.117,-0.117
HG01767,DQ75/X,0.47,,,-0.234,0.23599999999999996
HG01768,X/X,0.0,,,-0.117,-0.117
HG01770,DQ75/DQ75,0.39,,,-0.234,0.156
HG01771,X/X,0.0,,,-0.117,-0.117
HG01773,DQ75/DQ75,0.39,,,0.0,0.39
HG01775,X/X,0.0,,,-0.234,-0.234
HG01776,DQ75/DQ75,0.39,,,-0.117,0.273
HG01777,DQ75/X,0.47,,,-0.234,0.23599999999999996
HG01779,X/X,0.0,,,-0.117,-0.117
HG01781,X/X,0.0,,,-0.117,-0.117
HG01783,DQ75/X,0.47,,,-0.234,0.23599999999999996
HG01784,X/X,0.0,,,-0.117,-0.117
HG01785,X/X,0.0,,,-0.117,-0.117
HG01786,DQ75/X,0.47,,,0.0,0.47
HG01789,X/X,0.0,,,0.0,0.0
HG01790,DQ75/DQ75,0.39,,,-0.117,0.273
HG01791,X/X,0.0,,,-0.117,-0.117
HG01794,DQ75/X,0.47,,,0.0,0.47
HG01795,DQ75/X,0.47,,,0.0,0.47
HG01796,DQ75/X,0.47,,,0.0,0.47
HG01797,DQ75/DQ75,0.39,,,-0.117,0.273
HG01798,DQ75/DQ75,0.39,,,-0.117,0.273
HG01799,DQ75/X,0.47,,,-0.117,0.353
HG01800,DQ75/X,0.47,,,0.0,0.47
HG01801,DQ75/X,0.47,,,0.0,0.47
HG01802,DQ75/X,0.47,,,-0.117,0.353
HG01804,X/X,0.0,,,0.0,0.0
HG01805,X/X,0.0,,,0.0,0.0
HG01806,DQ75/DQ75,0.39,,,0.0,0.39
HG01807,X/X,0.0,,,-0.117,-0.117
HG01808,X/X,0.0,,,0.0,0.0
HG01809,DQ75/DQ75,0.39,,,-0.117,0.273
HG01810,X/X,0.0,,,-0.117,-0.117
HG01811,DQ75/DQ75,0.39,,,0.0,0.39
HG01812,DQ75/X,0.47,,,0.0,0.47
HG01813,DQ75/X,0.47,,,0.0,0.47
HG01815,DQ75/DQ75,0.39,,,-0.117,0.273
HG01816,DQ75/DQ75,0.39,,,0.0,0.39
HG01817,DQ75/DQ75,0.39,,,0.0,0.39
HG01840,DQ75/X,0.47,,,-0.234,0.23599999999999996
HG01841,DQ75/X,0.47,,,-0.117,0.353
HG01842,DQ75/DQ75,0.39,,,-0.234,0.156
HG01843,DQ75/X,0.47,,,-0.117,0.353
HG01844,DQ75/X,0.47,,,-0.117,0.353
HG01845,X/X,0.0,,,0.0,0.0
HG01846,X/X,0.0,,,0.0,0.0
HG01847,DQ75/DQ75,0.39,,,0.0,0.39
HG01848,X/X,0.0,,,0.0,0.0
HG01849,DQ75/X,0.47,,,0.0,0.47
HG01850,X/X,0.0,,,0.0,0.0
HG01851,DQ75/X,0.47,,,0.0,0.47
HG01852,X/X,0.0,,,-0.117,-0.117
HG01853,DQ75/DQ75,0.39,,,-0.234,0.156
HG01855,X/X,0.0,,,0.0,0.0
HG01857,X/X,0.0,,,0.0,0.0
HG01858,DQ75/X,0.47,,,0.0,0.47
HG01859,DQ75/DQ75,0.39,,,-0.117,0.273
HG01860,DQ75/X,0.47,,,-0.117,0.353
HG01861,X/X,0.0,,,-0.117,-0.117
HG01862,DQ75/X,0.47,,,0.0,0.47
HG01863,DQ75/DQ75,0.39,,,-0.117,0.273
HG01864,X/X,0.0,,,0.0,0.0
HG01865,DQ75/X,0.47,,,-0.117,0.353
HG01866,X/X,0.0,,,0.0,0.0
HG01867,DQ75/X,0.47,,,-0.117,0.353
HG01868,DQ75/DQ75,0.39,,,-0.117,0.273
HG01869,X/X,0.0,,,-0.117,-0.117
HG01870,X/X,0.0,,,-0.117,-0.117
HG01871,X/X,0.0,,,-0.117,-0.117
HG01872,X/X,0.0,,,0.0,0.0
HG01873,DQ75/DQ75,0.39,,,0.0,0.39
HG01874,DQ75/DQ75,0.39,,,-0.117,0.273
HG01878,DQ75/X,0.47,,,0.0,0.47
HG01879,X/X,0.0,,,0.0,0.0
HG01880,X/X,0.0,,,0.0,0.0
HG01882,DQ75/DQ75,0.39,,,0.0,0.39
HG01883,DQ75/X,0.47,,,0.0,0.47
HG01885,X/X,0.0,,,0.0,0.0
HG01886,DQ75/DQ75,0.39,,,0.0,0.39
HG01889,DQ75/DQ75,0.39,,,0.0,0.39
HG01890,DQ75/DQ75,0.39,,,0.0,0.39
HG01892,DQ75/DQ75,0.39,,,0.0,0.39
HG01893,X/X,0.0,,,0.0,0.0
HG01894,DQ75/DQ75,0.39,,,0.0,0.39
HG01896,DQ75/DQ75,0.39,,,0.0,0.39
HG01912,X/X,0.0,,,0.0,0.0
HG01914,DQ75/DQ75,0.39,,,0.0,0.39
HG01915,X/X,0.0,,,-0.117,-0.117
HG01917,X/X,0.0,,,-0.117,-0.117
HG01918,X/X,0.0,,,-0.234,-0.234
HG01920,X/X,0.0,,,-0.234,-0.234
HG01921,X/X,0.0,,,-0.117,-0.117
HG01923,X/X,0.0,,,0.0,0.0
HG01924,X/X,0.0,,,-0.234,-0.234
HG01926,X/X,0.0,,,-0.117,-0.117
HG01927,X/X,0.0,,,-0.234,-0.234
HG01932,DQ75/X,0.47,,,-0.117,0.353
HG01933,X/X,0.0,,,-0.117,-0.117
HG01935,X/X,0.0,,,-0.117,-0.117
HG01936,X/X,0.0,,,-0.117,-0.117
HG01938,X/X,0.0,,,-0.117,-0.117
HG01939,X/X,0.0,,,-0.234,-0.234
HG01941,DQ75/DQ75,0.39,,,-0.234,0.156
HG01942,X/X,0.0,,,-0.117,-0.117
HG01944,X/X,0.0,,,-0.117,-0.117
HG01945,X/X,0.0,,,-0.234,-0.234
HG01947,DQ75/X,0.47,,,-0.117,0.353
HG01948,X/X,0.0,,,-0.117,-0.117
HG01950,X/X,0.0,,,-0.234,-0.234
HG01951,X/X,0.0,,,-0.234,-0.234
HG01953,X/X,0.0,,,-0.117,-0.117
HG01954,DQ75/DQ75,0.39,,,-0.234,0.156
HG01956,DQ75/DQ75,0.39,,,0.0,0.39
HG01958,X/X,0.0,,,0.0,0.0
HG01961,X/X,0.0,,,-0.234,-0.234
HG01965,DQ75/X,0.47,,,-0.234,0.23599999999999996
HG01967,X/X,0.0,,,0.0,0.0
HG01968,DQ75/DQ75,0.39,,,-0.117,0.273
HG01970,X/X,0.0,,,-0.117,-0.117
HG01971,DQ75/X,0.47,,,0.0,0.47
HG01973,X/X,0.0,,,-0.117,-0.117
HG01974,X/X,0.0,,,0.0,0.0
HG01976,X/X,0.0,,,0.0,0.0
HG01977,X/X,0.0,,,-0.117,-0.117
HG01979,X/X,0.0,,,-0.117,-0.117
HG01980,X/X,0.0,,,0.0,0.0
HG01982,DQ75/DQ75,0.39,,,0.0,0.39
HG01985,X/X,0.0,,,0.0,0.0
HG01986,DQ75/DQ75,0.39,,,0.0,0.39
HG01988,X/X,0.0,,,0.0,0.0
HG01989,DQ75/DQ75,0.39,,,0.0,0.39
HG01990,DQ75/X,0.47,,,0.0,0.47
HG01991,X/X,0.0,,,0.0,0.0
HG01992,DQ75/X,0.47,,,0.0,0.47
HG01997,X/X,0.0,,,-0.117,-0.117
HG02002,X/X,0.0,,,-0.117,-0.117
HG02003,X/X,0.0,,,-0.234,-0.234
HG02006,X/X,0.0,,,0.0,0.0
HG02008,X/X,0.0,,,-0.234,-0.234
HG02009,X/X,0.0,,,-0.117,-0.117
HG02010,DQ75/X,0.47,,,0.0,0.47
HG02012,DQ75/DQ75,0.39,,,0.0,0.39
HG02013,DQ75/DQ75,0.39,,,0.0,0.39
HG02014,DQ75/DQ75,0.39,,,0.0,0.39
HG02016,X/X,0.0,,,-0.234,-0.234
HG02017,DQ75/X,0.47,,,-0.117,0.353
HG02019,DQ75/X,0.47,,,-0.117,0.353
HG02020,DQ75/DQ75,0.39,,,0.0,0.39
HG02023,X/X,0.0,,,0.0,0.0
HG02025,X/X,0.0,,,-0.117,-0.117
HG02026,DQ75/X,0.47,,,-0.234,0.23599999999999996
HG02028,X/X,0.0,,,0.0,0.0
HG02029,DQ75/X,0.47,,,-0.117,0.353
HG02031,X/X,0.0,,,-0.117,-0.117
HG02032,X/X,0.0,,,-0.117,-0.117
HG02035,DQ75/X,0.47,,,-0.117,0.353
HG02040,DQ75/DQ75,0.39,,,0.0,0.39
HG02047,DQ75/X,0.47,,,0.0,0.47
HG02048,DQ75/DQ75,0.39,,,0.0,0.39
HG02049,DQ75/X,0.47,,,0.0,0.47
HG02050,X/X,0.0,,,-0.117,-0.117
HG02051,DQ75/X,0.47,,,0.0,0.47
HG02052,DQ75/DQ75,0.39,,,0.0,0.39
HG02053,X/X,0.0,,,0.0,0.0
HG02054,DQ75/X,0.47,,,-0.117,0.353
HG02057,X/X,0.0,,,-0.234,-0.234
HG02058,X/X,0.0,,,0.0,0.0
HG02060,DQ75/X,0.47,,,-0.117,0.353
HG02061,X/X,0.0,,,0.0,0.0
HG02064,X/X,0.0,,,-0.117,-0.117
HG02067,DQ75/X,0.47,,,0.0,0.47
HG02069,DQ75/DQ75,0.39,,,-0.234,0.156
HG02070,DQ75/X,0.47,,,0.0,0.47
HG02072,X/X,0.0,,,-0.117,-0.117
HG02073,X/X,0.0,,,-0.117,-0.117
HG02075,X/X,0.0,,,-0.117,-0.117
HG02076,DQ75/X,0.47,,,-0.117,0.353
HG02078,DQ75/X,0.47,,,-0.234,0.23599999999999996
HG02079,DQ75/X,0.47,,,0.0,0.47
HG02081,DQ75/X,0.47,,,0.0,0.47
HG02082,X/X,0.0,,,-0.117,-0.117
HG02084,X/X,0.0,,,0.0,0.0
HG02085,DQ75/X,0.47,,,-0.117,0.353
HG02086,X/X,0.0,,,-0.117,-0.117
HG02087,DQ75/DQ75,0.39,,,-0.117,0.273
HG02088,X/X,0.0,,,-0.117,-0.117
HG02089,X/X,0.0,,,0.0,0.0
HG02090,DQ75/X,0.47,,,-0.234,0.23599999999999996
HG02095,DQ75/DQ75,0.39,,,0.0,0.39
HG02102,X/X,0.0,,,-0.117,-0.117
HG02104,X/X,0.0,,,-0.117,-0.117
HG02105,X/X,0.0,,,-0.234,-0.234
HG02107,X/X,0.0,,,0.0,0.0
HG02108,DQ75/X,0.47,,,-0.117,0.353
HG02111,DQ75/X,0.47,,,0.0,0.47
HG02113,DQ75/DQ75,0.39,,,0.0,0.39
HG02116,DQ75/X,0.47,,,-0.234,0.23599999999999996
HG02121,DQ75/X,0.47,,,0.0,0.47
HG02122,DQ75/X,0.47,,,-0.117,0.353
HG02127,X/X,0.0,,,-0.234,-0.234
HG02128,X/X,0.0,,,0.0,0.0
HG02130,DQ75/X,0.47,,,0.0,0.47
HG02131,DQ75/DQ75,0.39,,,0.0,0.39
HG02133,X/X,0.0,,,-0.117,-0.117
HG02134,X/X,0.0,,,-0.117,-0.117
HG02136,X/X,0.0,,,-0.117,-0.117
HG02137,DQ75/DQ75,0.39,,,-0.117,0.273
HG02138,X/X,0.0,,,-0.117,-0.117
HG02139,X/X,0.0,,,-0.117,-0.117
HG02140,DQ75/DQ75,0.39,,,-0.117,0.273
HG02141,X/X,0.0,,,-0.234,-0.234
HG02142,X/X,0.0,,,0.0,0.0
HG02143,DQ75/DQ75,0.39,,,-0.117,0.273
HG02144,DQ75/DQ75,0.39,,,0.0,0.39
HG02146,X/X,0.0,,,-0.117,-0.117
HG02147,X/X,0.0,,,-0.234,-0.234
HG02150,X/X,0.0,,,-0.117,-0.117
HG02151,DQ75/X,0.47,,,-0.117,0.353
HG02152,DQ75/DQ75,0.39,,,-0.117,0.273
HG02153,DQ75/DQ75,0.39,,,0.0,0.39
HG02154,DQ75/DQ75,0.39,,,-0.117,0.273
HG02155,X/X,0.0,,,-0.234,-0.234
HG02156,DQ75/X,0.47,,,-0.117,0.353
HG02164,DQ75/DQ75,0.39,,,0.0,0.39
HG02165,DQ75/DQ75,0.39,,,-0.234,0.156
HG02166,DQ75/DQ75,0.39,,,0.0,0.39
HG02178,DQ75/DQ75,0.39,,,0.0,0.39
HG02179,DQ75/DQ75,0.39,,,-0.117,0.273
HG02180,DQ75/X,0.47,,,0.0,0.47
HG02181,DQ75/DQ75,0.39,,,0.0,0.39
HG02182,X/X,0.0,,,-0.117,-0.117
HG02184,DQ75/X,0.47,,,-0.234,0.23599999999999996
HG02185,DQ75/DQ75,0.39,,,-0.117,0.273
HG02186,DQ75/X,0.47,,,0.0,0.47
HG02187,X/X,0.0,,,0.0,0.0
HG02188,DQ75/DQ75,0.39,,,-0.117,0.273
HG02190,DQ75/DQ75,0.39,,,0.0,0.39
HG02215,X/X,0.0,,,-0.234,-0.234
HG02219,X/X,0.0,,,-0.117,-0.117
HG02220,X/X,0.0,,,-0.234,-0.234
HG02221,DQ75/X,0.47,,,-0.117,0.353
HG02223,DQ75/X,0.47,,,-0.117,0.353
HG02224,DQ75/X,0.47,,,-0.234,0.23599999999999996
HG02230,DQ75/DQ75,0.39,,,-0.117,0.273
HG02231,X/X,0.0,,,0.0,0.0
HG02232,DQ75/DQ75,0.39,,,-0.234,0.156
HG02233,DQ75/X,0.47,,,-0.117,0.353
HG02235,X/X,0.0,,,0.0,0.0
HG02236,DQ75/DQ75,0.39,,,0.0,0.39
HG02238,X/X,0.0,,,0.0,0.0
HG02239,X/X,0.0,,,-0.234,-0.234
HG02250,DQ75/DQ75,0.39,,,0.0,0.39
HG02252,DQ75/X,0.47,,,-0.234,0.23599999999999996
HG02253,X/X,0.0,,,-0.117,-0.117
HG02255,DQ75/X,0.47,,,0.0,0.47
HG02256,DQ75/DQ75,0.39,,,0.0,0.39
HG02259,X/X,0.0,,,-0.117,-0.117
HG02260,X/X,0.0,,,-0.234,-0.234
HG02262,X/X,0.0,,,-0.117,-0.117
HG02265,DQ75/DQ75,0.39,,,-0.117,0.273
HG02266,X/X,0.0,,,-0.234,-0.234
HG02271,X/X,0.0,,,0.0,0.0
HG02272,X/X,0.0,,,-0.117,-0.117
HG02274,X/X,0.0,,,-0.234,-0.234
HG02275,DQ75/X,0.47,,,-0.117,0.353
HG02277,X/X,0.0,,,-0.234,-0.234
HG02278,DQ75/DQ75,0.39,,,-0.234,0.156
HG02281,DQ75/X,0.47,,,0.0,0.47
HG02282,DQ75/DQ75,0.39,,,0.0,0.39
HG02283,DQ75/X,0.47,,,0.0,0.47
HG02284,DQ75/X,0.47,,,0.0,0.47
HG02285,X/X,0.0,,,0.0,0.0
HG02286,X/X,0.0,,,-0.117,-0.117
HG02291,X/X,0.0,,,-0.117,-0.117
HG02292,X/X,0.0,,,0.0,0.0
HG02298,X/X,0.0,,,-0.117,-0.117
HG02299,X/X,0.0,,,-0.117,-0.117
HG02301,X/X,0.0,,,-0.117,-0.117
HG02304,DQ75/DQ75,0.39,,,-0.234,0.156
HG02307,X/X,0.0,,,0.0,0.0
HG02308,DQ75/DQ75,0.39,,,0.0,0.39
HG02309,DQ75/DQ75,0.39,,,0.0,0.39
HG02312,DQ75/X,0.47,,,-0.234,0.23599999999999996
HG02314,DQ75/X,0.47,,,0.0,0.47
HG02315,DQ75/X,0.47,,,0.0,0.47
HG02317,DQ75/DQ75,0.39,,,0.0,0.39
HG02318,DQ75/DQ75,0.39,,,0.0,0.39
HG02322,DQ75/DQ75,0.39,,,0.0,0.39
HG02323,DQ75/X,0.47,,,0.0,0.47
HG02325,DQ75/X,0.47,,,0.0,0.47
HG02330,X/X,0.0,,,0.0,0.0
HG02332,DQ75/DQ75,0.39,,,0.0,0.39
HG02334,X/X,0.0,,,0.0,0.0
HG02337,DQ75/DQ75,0.39,,,-0.117,0.273
HG02339,DQ75/DQ75,0.39,,,0.0,0.39
HG02343,DQ75/DQ75,0.39,,,0.0,0.39
HG02345,DQ75/X,0.47,,,0.0,0.47
HG02348,X/X,0.0,,,-0.117,-0.117
HG02351,DQ75/X,0.47,,,-0.234,0.23599999999999996
HG02353,X/X,0.0,,,0.0,0.0
HG02355,DQ75/X,0.47,,,0.0,0.47
HG02356,DQ75/X,0.47,,,-0.117,0.353
HG02360,DQ75/X,0.47,,,-0.117,0.353
HG02364,DQ75/DQ75,0.39,,,-0.117,0.273
HG02367,DQ75/X,0.47,,,-0.117,0.353
HG02371,DQ75/DQ75,0.39,,,0.0,0.39
HG02373,DQ75/X,0.47,,,0.0,0.47
HG02374,X/X,0.0,,,0.0,0.0
HG02375,DQ75/DQ75,0.39,,,-0.117,0.273
HG02379,DQ75/X,0.47,,,-0.117,0.353
HG02380,DQ75/X,0.47,,,-0.117,0.353
HG02382,X/X,0.0,,,-0.117,-0.117
HG02383,DQ75/DQ75,0.39,,,-0.117,0.273
HG02384,DQ75/DQ75,0.39,,,0.0,0.39
HG02385,X/X,0.0,,,0.0,0.0
HG02386,DQ75/DQ75,0.39,,,-0.117,0.273
HG02389,DQ75/X,0.47,,,0.0,0.47
HG02390,DQ75/DQ75,0.39,,,-0.117,0.273
HG02391,DQ75/DQ75,0.39,,,0.0,0.39
HG02392,DQ75/DQ75,0.39,,,-0.117,0.273
HG02394,X/X,0.0,,,-0.117,-0.117
HG02395,DQ75/DQ75,0.39,,,0.0,0.39
HG02396,DQ75/DQ75,0.39,,,-0.117,0.273
HG02397,DQ75/DQ75,0.39,,,-0.117,0.273
HG02398,X/X,0.0,,,-0.117,-0.117
HG02399,DQ75/DQ75,0.39,,,-0.117,0.273
HG02401,X/X,0.0,,,-0.117,-0.117
HG02402,DQ75/DQ75,0.39,,,-0.117,0.273
HG02406,DQ75/DQ75,0.39,,,0.0,0.39
HG02407,DQ75/DQ75,0.39,,,-0.117,0.273
HG02408,X/X,0.0,,,-0.117,-0.117
HG02409,X/X,0.0,,,0.0,0.0
HG02410,DQ75/X,0.47,,,-0.117,0.353
HG02419,DQ75/DQ75,0.39,,,0.0,0.39
HG02420,X/X,0.0,,,-0.234,-0.234
HG02425,X/X,0.0,,,0.0,0.0
HG02427,DQ75/DQ75,0.39,,,0.0,0.39
HG02429,DQ75/DQ75,0.39,,,0.0,0.39
HG02433,DQ75/X,0.47,,,0.0,0.47
HG02439,X/X,0.0,,,0.0,0.0
HG02442,DQ75/DQ75,0.39,,,0.0,0.39
HG02445,DQ75/DQ75,0.39,,,0.0,0.39
HG02449,DQ75/DQ75,0.39,,,0.0,0.39
HG02450,DQ75/X,0.47,,,0.0,0.47
HG02455,X/X,0.0,,,0.0,0.0
HG02461,DQ75/X,0.47,,,0.0,0.47
HG02462,X/X,0.0,,,0.0,0.0
HG02464,DQ75/DQ75,0.39,,,0.0,0.39
HG02465,DQ75/X,0.47,,,0.0,0.47
HG02470,DQ75/DQ75,0.39,,,0.0,0.39
HG02471,DQ75/X,0.47,,,0.0,0.47
HG02476,DQ75/DQ75,0.39,,,0.0,0.39
HG02477,DQ75/DQ75,0.39,,,0.0,0.39
HG02479,DQ75/DQ75,0.39,,,0.0,0.39
HG02481,DQ75/X,0.47,,,-0.117,0.353
HG02484,DQ75/DQ75,0.39,,,0.0,0.39
HG02485,DQ75/DQ75,0.39,,,0.0,0.39
HG02489,DQ75/DQ75,0.39,,,0.0,0.39
HG02490,X/X,0.0,,,0.0,0.0
HG02491,X/X,0.0,,,-0.234,-0.234
HG02493,DQ75/X,0.47,,,-0.117,0.353
HG02494,X/X,0.0,,,0.0,0.0
HG02496,DQ75/X,0.47,,,0.0,0.47
HG02497,DQ75/X,0.47,,,0.0,0.47
HG02501,DQ75/DQ75,0.39,,,-0.117,0.273
HG02502,DQ75/DQ75,0.39,,,0.0,0.39
HG02505,DQ75/DQ75,0.39,,,0.0,0.39
HG02508,DQ75/X,0.47,,,0.0,0.47
HG02511,DQ75/DQ75,0.39,,,0.0,0.39
HG02512,DQ75/X,0.47,,,-0.117,0.353
HG02513,DQ75/X,0.47,,,-0.117,0.353
HG02521,DQ75/X,0.47,,,-0.117,0.353
HG02522,DQ75/DQ75,0.39,,,-0.117,0.273
HG02536,X/X,0.0,,,-0.234,-0.234
HG02537,DQ75/DQ75,0.39,,,0.0,0.39
HG02541,DQ75/X,0.47,,,0.0,0.47
HG02545,DQ75/X,0.47,,,0.0,0.47
HG02546,DQ75/X,0.47,,,0.0,0.47
HG02549,DQ75/DQ75,0.39,,,0.0,0.39
HG02554,DQ75/X,0.47,,,0.0,0.47
HG02555,DQ75/DQ75,0.39,,,0.0,0.39
HG02557,DQ75/DQ75,0.39,,,0.0,0.39
HG02558,X/X,0.0,,,0.0,0.0
HG02561,DQ75/DQ75,0.39,,,0.0,0.39
HG02562,X/X,0.0,,,0.0,0.0
HG02568,DQ75/DQ75,0.39,,,0.0,0.39
HG02570,X/X,0.0,,,0.0,0.0
HG02571,DQ75/DQ75,0.39,,,0.0,0.39
HG02573,DQ75/DQ75,0.39,,,0.0,0.39
HG02574,X/X,0.0,,,0.0,0.0
HG02577,DQ75/X,0.47,,,0.0,0.47
HG02580,X/X,0.0,,,-0.117,-0.117
HG02582,DQ75/X,0.47,,,0.0,0.47
HG02583,DQ75/DQ75,0.39,,,0.0,0.39
HG02585,X/X,0.0,,,0.0,0.0
HG02586,X/X,0.0,,,0.0,0.0
HG02588,DQ75/DQ75,0.39,,,0.0,0.39
HG02589,X/X,0.0,,,0.0,0.0
HG02594,DQ75/X,0.47,,,0.0,0.47
HG02595,X/X,0.0,,,0.0,0.0
HG02597,DQ75/DQ75,0.39,,,-0.117,0.273
HG02600,X/X,0.0,,,0.0,0.0
HG02601,DQ75/X,0.47,,,-0.117,0.353
HG02603,DQ75/DQ75,0.39,,,-0.117,0.273
HG02604,DQ75/X,0.47,,,-0.234,0.23599999999999996
HG02610,DQ75/X,0.47,,,0.0,0.47
HG02611,DQ75/X,0.47,,,0.0,0.47
HG02613,DQ75/DQ75,0.39,,,0.0,0.39
HG02614,DQ75/X,0.47,,,0.0,0.47
HG02620,X/X,0.0,,,0.0,0.0
HG02621,DQ75/X,0.47,,,0.0,0.47
HG02623,X/X,0.0,,,0.0,0.0
HG02624,DQ75/X,0.47,,,0.0,0.47
HG02628,DQ75/X,0.47,,,0.0,0.47
HG02629,X/X,0.0,,,0.0,0.0
HG02634,X/X,0.0,,,0.0,0.0
HG02635,DQ75/X,0.47,,,0.0,0.47
HG02642,X/X,0.0,,,0.0,0.0
HG02643,DQ75/DQ75,0.39,,,0.0,0.39
HG02645,DQ75/DQ75,0.39,,,0.0,0.39
HG02646,X/X,0.0,,,0.0,0.0
HG02648,X/X,0.0,,,-0.117,-0.117
HG02649,X/X,0.0,,,-0.117,-0.117
HG02651,DQ75/X,0.47,,,-0.117,0.353
HG02652,X/X,0.0,,,-0.234,-0.234
HG02654,X/X,0.0,,,0.0,0.0
HG02655,X/X,0.0,,,0.0,0.0
HG02657,DQ75/X,0.47,,,-0.117,0.353
HG02658,X/X,0.0,,,-0.234,-0.234
HG02660,DQ75/X,0.47,,,0.0,0.47
HG02661,X/X,0.0,,,-0.117,-0.117
HG02666,X/X,0.0,,,0.0,0.0
HG02667,DQ75/DQ75,0.39,,,0.0,0.39
HG02675,DQ75/X,0.47,,,0.0,0.47
HG02676,DQ75/DQ75,0.39,,,0.0,0.39
HG02678,X/X,0.0,,,0.0,0.0
HG02679,DQ75/X,0.47,,,0.0,0.47
HG02681,DQ75/X,0.47,,,-0.117,0.353
HG02682,X/X,0.0,,,-0.234,-0.234
HG02684,X/X,0.0,,,0.0,0.0
HG02685,X/X,0.0,,,-0.117,-0.117
HG02687,X/X,0.0,,,-0.117,-0.117
HG02688,X/X,0.0,,,-0.234,-0.234
HG02690,DQ75/X,0.47,,,0.0,0.47
HG02691,DQ75/DQ75,0.39,,,-0.117,0.273
HG02694,DQ75/DQ75,0.39,,,0.0,0.39
HG02696,X/X,0.0,,,-0.117,-0.117
HG02697,DQ75/X,0.47,,,-0.117,0.353
HG02699,X/X,0.0,,,-0.234,-0.234
HG02700,X/X,0.0,,,-0.234,-0.234
HG02702,X/X,0.0,,,-0.117,-0.117
HG02703,DQ75/DQ75,0.39,,,0.0,0.39
HG02715,X/X,0.0,,,0.0,0.0
HG02716,X/X,0.0,,,0.0,0.0
HG02721,DQ75/X,0.47,,,0.0,0.47
HG02722,DQ75/X,0.47,,,0.0,0.47
HG02724,X/X,0.0,,,0.0,0.0
HG02725,X/X,0.0,,,-0.234,-0.234
HG02727,DQ75/X,0.47,,,0.0,0.47
HG02728,X/X,0.0,,,-0.234,-0.234
HG02731,DQ75/DQ75,0.39,,,-0.117,0.273
HG02733,X/X,0.0,,,-0.117,-0.117
HG02734,X/X,0.0,,,-0.117,-0.117
HG02736,DQ75/X,0.47,,,-0.117,0.353
HG02737,X/X,0.0,,,-0.117,-0.117
HG02756,DQ75/X,0.47,,,0.0,0.47
HG02757,DQ75/X,0.47,,,0.0,0.47
HG02759,DQ75/X,0.47,,,0.0,0.47
HG02760,DQ75/DQ75,0.39,,,0.0,0.39
HG02763,DQ75/DQ75,0.39,,,0.0,0.39
HG02768,DQ75/X,0.47,,,0.0,0.47
HG02769,DQ75/X,0.47,,,0.0,0.47
HG02771,DQ75/X,0.47,,,0.0,0.47
HG02772,X/X,0.0,,,0.0,0.0
HG02774,DQ75/DQ75,0.39,,,-0.234,0.156
HG02775,X/X,0.0,,,0.0,0.0
HG02778,DQ75/DQ75,0.39,,,0.0,0.39
HG02780,X/X,0.0,,,0.0,0.0
HG02783,X/X,0.0,,,0.0,0.0
HG02784,X/X,0.0,,,0.0,0.0
HG02786,X/X,0.0,,,0.0,0.0
HG02787,X/X,0.0,,,0.0,0.0
HG02789,DQ75/X,0.47,,,-0.117,0.353
HG02790,DQ75/DQ75,0.39,,,-0.117,0.273
HG02792,X/X,0.0,,,0.0,0.0
HG02793,DQ75/X,0.47,,,-0.234,0.23599999999999996
HG02798,DQ75/X,0.47,,,0.0,0.47
HG02799,X/X,0.0,,,0.0,0.0
HG02804,X/X,0.0,,,0.0,0.0
HG02805,X/X,0.0,,,0.0,0.0
HG02807,DQ75/X,0.47,,,0.0,0.47
HG02808,DQ75/X,0.47,,,0.0,0.47
HG02810,DQ75/DQ75,0.39,,,0.0,0.39
HG02811,X/X,0.0,,,0.0,0.0
HG02813,DQ75/DQ75,0.39,,,0.0,0.39
HG02814,DQ75/X,0.47,,,0.0,0.47
HG02816,DQ75/X,0.47,,,0.0,0.47
HG02817,X/X,0.0,,,0.0,0.0
HG02819,DQ75/X,0.47,,,0.0,0.47
HG02820,X/X,0.0,,,0.0,0.0
HG02836,X/X,0.0,,,0.0,0.0
HG02837,X/X,0.0,,,0.0,0.0
HG02839,X/X,0.0,,,0.0,0.0
HG02840,X/X,0.0,,,0.0,0.0
HG02851,X/X,0.0,,,0.0,0.0
HG02852,X/X,0.0,,,0.0,0.0
HG02854,X/X,0.0,,,0.0,0.0
HG02855,DQ75/X,0.47,,,0.0,0.47
HG02860,DQ75/X,0.47,,,0.0,0.47
HG02861,DQ75/DQ75,0.39,,,0.0,0.39
HG02870,DQ75/DQ75,0.39,,,0.0,0.39
HG02878,DQ75/X,0.47,,,0.0,0.47
HG02879,DQ75/X,0.47,,,0.0,0.47
HG02881,X/X,0.0,,,0.0,0.0
HG02882,DQ75/DQ75,0.39,,,0.0,0.39
HG02884,X/X,0.0,,,0.0,0.0
HG02885,DQ75/X,0.47,,,0.0,0.47
HG02887,X/X,0.0,,,0.0,0.0
HG02888,X/X,0.0,,,0.0,0.0
HG02890,DQ75/X,0.47,,,0.0,0.47
HG02891,DQ75/X,0.47,,,0.0,0.47
HG02895,DQ75/DQ75,0.39,,,0.0,0.39
HG02896,X/X,0.0,,,0.0,0.0
HG02922,DQ75/X,0.47,,,0.0,0.47
HG02923,DQ75/X,0.47,,,0.0,0.47
HG02938,X/X,0.0,,,0.0,0.0
HG02941,DQ75/X,0.47,,,0.0,0.47
HG02943,DQ75/DQ75,0.39,,,0.0,0.39
HG02944,DQ75/X,0.47,,,0.0,0.47
HG02946,DQ75/DQ75,0.39,,,0.0,0.39
HG02947,X/X,0.0,,,0.0,0.0
HG02952,DQ75/X,0.47,,,0.0,0.47
HG02953,DQ75/DQ75,0.39,,,0.0,0.39
HG02968,DQ75/DQ75,0.39,,,0.0,0.39
HG02970,DQ75/DQ75,0.39,,,0.0,0.39
HG02971,DQ75/DQ75,0.39,,,0.0,0.39
HG02973,DQ75/X,0.47,,,0.0,0.47
HG02974,DQ75/DQ75,0.39,,,0.0,0.39
HG02976,DQ75/DQ75,0.39,,,0.0,0.39
HG02977,DQ75/DQ75,0.39,,,0.0,0.39
HG02979,DQ75/X,0.47,,,0.0,0.47
HG02981,DQ75/X,0.47,,,0.0,0.47
HG02982,DQ75/X,0.47,,,0.0,0.47
HG02983,DQ75/DQ75,0.39,,,0.0,0.39
HG03006,DQ75/DQ75,0.39,,,-0.117,0.273
HG03007,DQ75/DQ75,0.39,,,-0.117,0.273
HG03009,DQ75/DQ75,0.39,,,-0.234,0.156
HG03012,X/X,0.0,,,0.0,0.0
HG03015,X/X,0.0,,,-0.117,-0.117
HG03016,X/X,0.0,,,0.0,0.0
HG03018,DQ75/DQ75,0.39,,,-0.117,0.273
HG03019,X/X,0.0,,,-0.117,-0.117
HG03021,X/X,0.0,,,-0.117,-0.117
HG03022,DQ75/X,0.47,,,-0.234,0.23599999999999996
HG03024,DQ75/X,0.47,,,0.0,0.47
HG03025,DQ75/X,0.47,,,0.0,0.47
HG03027,DQ75/DQ75,0.39,,,0.0,0.39
HG03028,X/X,0.0,,,0.0,0.0
HG03039,DQ75/X,0.47,,,0.0,0.47
HG03040,DQ75/DQ75,0.39,,,0.0,0.39
HG03045,X/X,0.0,,,0.0,0.0
HG03046,DQ75/X,0.47,,,0.0,0.47
HG03048,DQ75/X,0.47,,,0.0,0.47
HG03049,DQ75/DQ75,0.39,,,0.0,0.39
HG03052,DQ75/DQ75,0.39,,,0.0,0.39
HG03054,X/X,0.0,,,0.0,0.0
HG03055,DQ75/DQ75,0.39,,,0.0,0.39
HG03057,DQ75/DQ75,0.39,,,0.0,0.39
HG03058,X/X,0.0,,,0.0,0.0
HG03060,X/X,0.0,,,0.0,0.0
HG03061,X/X,0.0,,,0.0,0.0
HG03063,X/X,0.0,,,0.0,0.0
HG03064,X/X,0.0,,,0.0,0.0
HG03066,X/X,0.0,,,0.0,0.0
HG03069,X/X,0.0,,,0.0,0.0
HG03072,X/X,0.0,,,0.0,0.0
HG03073,X/X,0.0,,,0.0,0.0
HG03074,X/X,0.0,,,0.0,0.0
HG03077,X/X,0.0,,,0.0,0.0
HG03078,DQ75/DQ75,0.39,,,0.0,0.39
HG03079,DQ75/DQ75,0.39,,,0.0,0.39
HG03081,DQ75/DQ75,0.39,,,0.0,0.39
HG03082,DQ75/X,0.47,,,0.0,0.47
HG03084,DQ75/X,0.47,,,0.0,0.47
HG03085,DQ75/X,0.47,,,0.0,0.47
HG03086,DQ75/DQ75,0.39,,,0.0,0.39
HG03088,DQ75/X,0.47,,,0.0,0.47
HG03091,X/X,0.0,,,0.0,0.0
HG03095,DQ75/DQ75,0.39,,,0.0,0.39
HG03096,X/X,0.0,,,0.0,0.0
HG03097,X/X,0.0,,,0.0,0.0
HG03099,X/X,0.0,,,0.0,0.0
HG03100,DQ75/X,0.47,,,0.0,0.47
HG03103,DQ75/DQ75,0.39,,,0.0,0.39
HG03105,DQ75/DQ75,0.39,,,0.0,0.39
HG03108,DQ75/X,0.47,,,0.0,0.47
HG03109,X/X,0.0,,,0.0,0.0
HG03111,DQ75/X,0.47,,,0.0,0.47
HG03112,DQ75/DQ75,0.39,,,0.0,0.39
HG03114,DQ75/X,0.47,,,0.0,0.47
HG03115,X/X,0.0,,,0.0,0.0
HG03117,X/X,0.0,,,0.0,0.0
HG03118,DQ75/DQ75,0.39,,,0.0,0.39
HG03120,X/X,0.0,,,0.0,0.0
HG03121,X/X,0.0,,,0.0,0.0
HG03123,X/X,0.0,,,0.0,0.0
HG03124,DQ75/X,0.47,,,0.0,0.47
HG03126,DQ75/DQ75,0.39,,,0.0,0.39
HG03127,X/X,0.0,,,0.0,0.0
HG03129,DQ75/DQ75,0.39,,,0.0,0.39
HG03130,DQ75/X,0.47,,,0.0,0.47
HG03132,DQ75/X,0.47,,,0.0,0.47
HG03133,X/X,0.0,,,0.0,0.0
HG03135,DQ75/DQ75,0.39,,,0.0,0.39
HG03136,DQ75/DQ75,0.39,,,0.0,0.39
HG03139,DQ75/X,0.47,,,0.0,0.47
HG03157,X/X,0.0,,,0.0,0.0
HG03159,DQ75/X,0.47,,,0.0,0.47
HG03160,X/X,0.0,,,0.0,0.0
HG03162,DQ75/DQ75,0.39,,,0.0,0.39
HG03163,DQ75/DQ75,0.39,,,0.0,0.39
HG03166,DQ75/DQ75,0.39,,,0.0,0.39
HG03168,DQ75/DQ75,0.39,,,0.0,0.39
HG03169,DQ75/X,0.47,,,0.0,0.47
HG03172,DQ75/X,0.47,,,0.0,0.47
HG03175,X/X,0.0,,,0.0,0.0
HG03189,DQ75/DQ75,0.39,,,0.0,0.39
HG03190,DQ75/X,0.47,,,0.0,0.47
HG03193,DQ75/X,0.47,,,0.0,0.47
HG03195,DQ75/DQ75,0.39,,,0.0,0.39
HG03196,X/X,0.0,,,0.0,0.0
HG03198,DQ75/X,0.47,,,0.0,0.47
HG03199,X/X,0.0,,,0.0,0.0
HG03202,DQ75/X,0.47,,,0.0,0.47
HG03209,DQ75/X,0.47,,,0.0,0.47
HG03212,DQ75/DQ75,0.39,,,0.0,0.39
HG03224,X/X,0.0,,,0.0,0.0
HG03225,DQ75/X,0.47,,,0.0,0.47
HG03228,DQ75/X,0.47,,,-0.234,0.23599999999999996
HG03229,DQ75/X,0.47,,,-0.117,0.353
HG03234,DQ75/X,0.47,,,-0.234,0.23599999999999996
HG03235,X/X,0.0,,,-0.117,-0.117
HG03237,X/X,0.0,,,-0.117,-0.117
HG03238,X/X,0.0,,,-0.234,-0.234
HG03240,DQ75/X,0.47,,,0.0,0.47
HG03241,DQ75/X,0.47,,,0.0,0.47
HG03246,DQ75/X,0.47,,,0.0,0.47
HG03247,DQ75/X,0.47,,,0.0,0.47
HG03258,X/X,0.0,,,0.0,0.0
HG03259,X/X,0.0,,,0.0,0.0
HG03265,X/X,0.0,,,0.0,0.0
HG03267,X/X,0.0,,,0.0,0.0
HG03268,DQ75/DQ75,0.39,,,0.0,0.39
HG03270,DQ75/DQ75,0.39,,,0.0,0.39
HG03271,DQ75/DQ75,0.39,,,0.0,0.39
HG03279,DQ75/X,0.47,,,0.0,0.47
HG03280,X/X,0.0,,,0.0,0.0
HG03291,DQ75/X,0.47,,,0.0,0.47
HG03294,DQ75/DQ75,0.39,,,0.0,0.39
HG03295,DQ75/DQ75,0.39,,,0.0,0.39
HG03297,DQ75/DQ75,0.39,,,0.0,0.39
HG03298,DQ75/X,0.47,,,0.0,0.47
HG03300,DQ75/X,0.47,,,0.0,0.47
HG03301,DQ75/DQ75,0.39,,,0.0,0.39
HG03303,DQ75/X,0.47,,,0.0,0.47
HG03304,X/X,0.0,,,0.0,0.0
HG03311,X/X,0.0,,,0.0,0.0
HG03313,DQ75/X,0.47,,,0.0,0.47
HG03342,DQ75/DQ75,0.39,,,0.0,0.39
HG03343,DQ75/DQ75,0.39,,,0.0,0.39
HG03351,DQ75/DQ75,0.39,,,0.0,0.39
HG03352,X/X,0.0,,,0.0,0.0
HG03354,DQ75/DQ75,0.39,,,0.0,0.39
HG03363,DQ75/DQ75,0.39,,,0.0,0.39
HG03366,X/X,0.0,,,0.0,0.0
HG03367,DQ75/X,0.47,,,0.0,0.47
HG03369,DQ75/DQ75,0.39,,,0.0,0.39
HG03370,DQ75/X,0.47,,,0.0,0.47
HG03372,DQ75/X,0.47,,,0.0,0.47
HG03376,DQ75/DQ75,0.39,,,0.0,0.39
HG03378,DQ75/X,0.47,,,0.0,0.47
HG03380,DQ75/X,0.47,,,0.0,0.47
HG03382,DQ75/DQ75,0.39,,,0.0,0.39
HG03385,DQ75/X,0.47,,,0.0,0.47
HG03388,X/X,0.0,,,0.0,0.0
HG03391,DQ75/DQ75,0.39,,,0.0,0.39
HG03394,DQ75/DQ75,0.39,,,0.0,0.39
HG03397,DQ75/X,0.47,,,0.0,0.47
HG03401,X/X,0.0,,,0.0,0.0
HG03410,DQ75/X,0.47,,,0.0,0.47
HG03419,X/X,0.0,,,0.0,0.0
HG03428,DQ75/DQ75,0.39,,,0.0,0.39
HG03432,X/X,0.0,,,0.0,0.0
HG03433,X/X,0.0,,,0.0,0.0
HG03436,X/X,0.0,,,0.0,0.0
HG03437,DQ75/DQ75,0.39,,,0.0,0.39
HG03439,DQ75/X,0.47,,,0.0,0.47
HG03442,DQ75/DQ75,0.39,,,0.0,0.39
HG03445,X/X,0.0,,,0.0,0.0
HG03446,X/X,0.0,,,0.0,0.0
HG03449,X/X,0.0,,,0.0,0.0
HG03451,X/X,0.0,,,0.0,0.0
HG03452,DQ75/DQ75,0.39,,,0.0,0.39
HG03455,X/X,0.0,,,0.0,0.0
HG03457,X/X,0.0,,,0.0,0.0
HG03458,X/X,0.0,,,0.0,0.0
HG03460,DQ75/DQ75,0.39,,,0.0,0.39
HG03461,DQ75/X,0.47,,,0.0,0.47
HG03464,DQ75/DQ75,0.39,,,0.0,0.39
HG03469,X/X,0.0,,,0.0,0.0
HG03470,DQ75/DQ75,0.39,,,0.0,0.39
HG03472,DQ75/X,0.47,,,0.0,0.47
HG03473,DQ75/DQ75,0.39,,,0.0,0.39
HG03476,DQ75/DQ75,0.39,,,0.0,0.39
HG03478,DQ75/X,0.47,,,0.0,0.47
HG03479,DQ75/DQ75,0.39,,,0.0,0.39
HG03484,X/X,0.0,,,0.0,0.0
HG03485,DQ75/DQ75,0.39,,,0.0,0.39
HG03488,X/X,0.0,,,-0.117,-0.117
HG03490,DQ75/DQ75,0.39,,,-0.117,0.273
HG03491,DQ75/X,0.47,,,-0.234,0.23599999999999996
HG03499,X/X,0.0,,,0.0,0.0
HG03511,X/X,0.0,,,0.0,0.0
HG03514,DQ75/X,0.47,,,0.0,0.47
HG03515,DQ75/DQ75,0.39,,,0.0,0.39
HG03517,DQ75/X,0.47,,,0.0,0.47
HG03518,DQ75/X,0.47,,,0.0,0.47
HG03520,DQ75/DQ75,0.39,,,0.0,0.39
HG03521,DQ75/DQ75,0.39,,,0.0,0.39
HG03538,DQ75/DQ75,0.39,,,0.0,0.39
HG03539,DQ75/X,0.47,,,0.0,0.47
HG03547,DQ75/DQ75,0.39,,,0.0,0.39
HG03548,DQ75/X,0.47,,,0.0,0.47
HG03556,DQ75/DQ75,0.39,,,0.0,0.39
HG03557,X/X,0.0,,,0.0,0.0
HG03558,DQ75/DQ75,0.39,,,0.0,0.39
HG03559,X/X,0.0,,,0.0,0.0
HG03563,X/X,0.0,,,0.0,0.0
HG03565,X/X,0.0,,,0.0,0.0
HG03567,X/X,0.0,,,0.0,0.0
HG03571,DQ75/DQ75,0.39,,,0.0,0.39
HG03572,DQ75/X,0.47,,,0.0,0.47
HG03575,DQ75/DQ75,0.39,,,0.0,0.39
HG03577,X/X,0.0,,,0.0,0.0
HG03578,X/X,0.0,,,0.0,0.0
HG03583,DQ75/DQ75,0.39,,,0.0,0.39
HG03585,DQ75/DQ75,0.39,,,-0.117,0.273
HG03589,DQ75/DQ75,0.39,,,-0.117,0.273
HG03593,DQ75/DQ75,0.39,,,-0.234,0.156
HG03594,X/X,0.0,,,-0.117,-0.117
HG03595,X/X,0.0,,,-0.117,-0.117
HG03598,DQ75/DQ75,0.39,,,-0.117,0.273
HG03600,DQ75/X,0.47,,,-0.117,0.353
HG03603,X/X,0.0,,,0.0,0.0
HG03604,DQ75/DQ75,0.39,,,0.0,0.39
HG03607,DQ75/DQ75,0.39,,,-0.117,0.273
HG03611,DQ75/X,0.47,,,0.0,0.47
HG03615,X/X,0.0,,,-0.234,-0.234
HG03616,DQ75/X,0.47,,,0.0,0.47
HG03619,DQ75/X,0.47,,,0.0,0.47
HG03624,DQ75/DQ75,0.39,,,-0.234,0.156
HG03625,X/X,0.0,,,-0.234,-0.234
HG03629,DQ75/X,0.47,,,-0.234,0.23599999999999996
HG03631,DQ75/X,0.47,,,0.0,0.47
HG03634,DQ75/X,0.47,,,0.0,0.47
HG03636,DQ75/X,0.47,,,0.0,0.47
HG03640,X/X,0.0,,,0.0,0.0
HG03642,X/X,0.0,,,-0.117,-0.117
HG03643,DQ75/DQ75,0.39,,,-0.117,0.273
HG03644,X/X,0.0,,,0.0,0.0
HG03645,X/X,0.0,,,-0.117,-0.117
HG03646,DQ75/DQ75,0.39,,,-0.117,0.273
HG03649,X/X,0.0,,,-0.117,-0.117
HG03652,DQ75/DQ75,0.39,,,-0.117,0.273
HG03653,X/X,0.0,,,0.0,0.0
HG03660,DQ75/DQ75,0.39,,,-0.117,0.273
HG03663,DQ75/X,0.47,,,0.0,0.47
HG03667,X/X,0.0,,,-0.117,-0.117
HG03668,DQ75/DQ75,0.39,,,-0.117,0.273
HG03672,DQ75/DQ75,0.39,,,-0.234,0.156
HG03673,X/X,0.0,,,-0.117,-0.117
HG03679,X/X,0.0,,,-0.117,-0.117
HG03680,DQ75/DQ75,0.39,,,-0.234,0.156
HG03681,X/X,0.0,,,-0.117,-0.117
HG03684,X/X,0.0,,,-0.234,-0.234
HG03685,X/X,0.0,,,-0.117,-0.117
HG03686,X/X,0.0,,,-0.234,-0.234
HG03687,DQ75/X,0.47,,,-0.117,0.353
HG03689,X/X,0.0,,,-0.234,-0.234
HG03690,DQ75/X,0.47,,,-0.117,0.353
HG03691,DQ75/DQ75,0.39,,,0.0,0.39
HG03692,DQ75/X,0.47,,,-0.117,0.353
HG03693,DQ75/X,0.47,,,0.0,0.47
HG03694,X/X,0.0,,,-0.117,-0.117
HG03695,X/X,0.0,,,0.0,0.0
HG03696,X/X,0.0,,,-0.234,-0.234
HG03697,DQ75/DQ75,0.39,,,0.0,0.39
HG03698,DQ75/X,0.47,,,-0.117,0.353
HG03702,DQ75/X,0.47,,,-0.117,0.353
HG03703,DQ75/DQ75,0.39,,,-0.234,0.156
HG03705,X/X,0.0,,,0.0,0.0
HG03706,X/X,0.0,,,-0.234,-0.234
HG03708,X/X,0.0,,,-0.117,-0.117
HG03709,DQ75/X,0.47,,,0.0,0.47
HG03711,DQ75/DQ75,0.39,,,-0.117,0.273
HG03713,X/X,0.0,,,-0.234,-0.234
HG03714,DQ75/X,0.47,,,-0.117,0.353
HG03716,X/X,0.0,,,0.0,0.0
HG03717,X/X,0.0,,,0.0,0.0
HG03718,X/X,0.0,,,0.0,0.0
HG03720,DQ75/X,0.47,,,0.0,0.47
HG03722,DQ75/DQ75,0.39,,,-0.117,0.273
HG03727,DQ75/DQ75,0.39,,,-0.117,0.273
HG03729,X/X,0.0,,,-0.234,-0.234
HG03730,DQ75/X,0.47,,,-0.117,0.353
HG03731,X/X,0.0,,,0.0,0.0
HG03733,X/X,0.0,,,-0.117,-0.117
HG03736,X/X,0.0,,,-0.234,-0.234
HG03738,DQ75/X,0.47,,,-0.117,0.353
HG03740,DQ75/X,0.47,,,0.0,0.47
HG03741,DQ75/DQ75,0.39,,,-0.117,0.273
HG03742,DQ75/DQ75,0.39,,,0.0,0.39
HG03743,X/X,0.0,,,-0.117,-0.117
HG03744,X/X,0.0,,,-0.117,-0.117
HG03745,DQ75/X,0.47,,,-0.234,0.23599999999999996
HG03746,DQ75/X,0.47,,,0.0,0.47
HG03750,DQ75/DQ75,0.39,,,-0.117,0.273
HG03752,X/X,0.0,,,-0.117,-0.117
HG03753,X/X,0.0,,,-0.234,-0.234
HG03754,DQ75/X,0.47,,,-0.234,0.23599999999999996
HG03755,DQ75/DQ75,0.39,,,-0.234,0.156
HG03756,DQ75/DQ75,0.39,,,-0.117,0.273
HG03757,DQ75/X,0.47,,,0.0,0.47
HG03760,X/X,0.0,,,-0.117,-0.117
HG03762,DQ75/DQ75,0.39,,,0.0,0.39
HG03765,X/X,0.0,,,-0.234,-0.234
HG03767,DQ75/X,0.47,,,-0.234,0.23599999999999996
HG03770,DQ75/X,0.47,,,0.0,0.47
HG03771,X/X,0.0,,,0.0,0.0
HG03772,DQ75/X,0.47,,,0.0,0.47
HG03773,X/X,0.0,,,-0.117,-0.117
HG03774,X/X,0.0,,,0.0,0.0
HG03775,DQ75/DQ75,0.39,,,-0.117,0.273
HG03777,DQ75/X,0.47,,,-0.117,0.353
HG03778,X/X,0.0,,,0.0,0.0
HG03779,DQ75/DQ75,0.39,,,-0.234,0.156
HG03780,X/X,0.0,,,-0.234,-0.234
HG03781,DQ75/X,0.47,,,-0.234,0.23599999999999996
HG03782,DQ75/X,0.47,,,-0.117,0.353
HG03784,DQ75/X,0.47,,,-0.234,0.23599999999999996
HG03785,DQ75/DQ75,0.39,,,0.0,0.39
HG03786,X/X,0.0,,,0.0,0.0
HG03787,DQ75/X,0.47,,,-0.117,0.353
HG03788,DQ75/DQ75,0.39,,,-0.234,0.156
HG03789,DQ75/X,0.47,,,-0.117,0.353
HG03790,X/X,0.0,,,-0.117,-0.117
HG03792,DQ75/DQ75,0.39,,,-0.234,0.156
HG03793,DQ75/X,0.47,,,-0.117,0.353
HG03796,X/X,0.0,,,-0.117,-0.117
HG03800,X/X,0.0,,,-0.117,-0.117
HG03802,DQ75/X,0.47,,,-0.117,0.353
HG03803,X/X,0.0,,,-0.117,-0.117
HG03805,X/X,0.0,,,-0.117,-0.117
HG03808,DQ75/DQ75,0.39,,,-0.234,0.156
HG03809,DQ75/X,0.47,,,-0.117,0.353
HG03812,DQ75/DQ75,0.39,,,-0.117,0.273
HG03814,DQ75/X,0.47,,,-0.117,0.353
HG03815,X/X,0.0,,,0.0,0.0
HG03817,X/X,0.0,,,0.0,0.0
HG03821,X/X,0.0,,,-0.234,-0.234
HG03823,X/X,0.0,,,-0.234,-0.234
HG03824,DQ75/DQ75,0.39,,,0.0,0.39
HG03826,X/X,0.0,,,-0.117,-0.117
HG03829,DQ75/X,0.47,,,0.0,0.47
HG03830,DQ75/DQ75,0.39,,,0.0,0.39
HG03832,DQ75/DQ75,0.39,,,-0.117,0.273
HG03833,X/X,0.0,,,-0.117,-0.117
HG03836,DQ75/DQ75,0.39,,,0.0,0.39
HG03837,X/X,0.0,,,-0.234,-0.234
HG03838,DQ75/DQ75,0.39,,,-0.234,0.156
HG03844,DQ75/X,0.47,,,-0.117,0.353
HG03846,DQ75/X,0.47,,,-0.117,0.353
HG03848,DQ75/X,0.47,,,-0.117,0.353
HG03849,X/X,0.0,,,0.0,0.0
HG03850,DQ75/DQ75,0.39,,,0.0,0.39
HG03851,DQ75/X,0.47,,,-0.234,0.23599999999999996
HG03854,DQ75/DQ75,0.39,,,-0.117,0.273
HG03856,DQ75/X,0.47,,,-0.117,0.353
HG03857,DQ75/X,0.47,,,-0.234,0.23599999999999996
HG03858,DQ75/X,0.47,,,-0.117,0.353
HG03861,X/X,0.0,,,0.0,0.0
HG03862,DQ75/X,0.47,,,0.0,0.47
HG03863,DQ75/X,0.47,,,-0.234,0.23599999999999996
HG03864,X/X,0.0,,,-0.117,-0.117
HG03866,DQ75/X,0.47,,,-0.117,0.353
HG03867,X/X,0.0,,,0.0,0.0
HG03868,X/X,0.0,,,-0.234,-0.234
HG03869,DQ75/DQ75,0.39,,,-0.117,0.273
HG03870,X/X,0.0,,,-0.117,-0.117
HG03871,X/X,0.0,,,-0.117,-0.117
HG03872,DQ75/X,0.47,,,-0.117,0.353
HG03873,X/X,0.0,,,-0.117,-0.117
HG03874,X/X,0.0,,,0.0,0.0
HG03875,DQ75/X,0.47,,,0.0,0.47
HG03882,X/X,0.0,,,-0.234,-0.234
HG03884,X/X,0.0,,,0.0,0.0
HG03885,X/X,0.0,,,-0.234,-0.234
HG03886,DQ75/X,0.47,,,-0.117,0.353
HG03887,DQ75/DQ75,0.39,,,-0.117,0.273
HG03888,DQ75/DQ75,0.39,,,0.0,0.39
HG03890,X/X,0.0,,,0.0,0.0
HG03894,DQ75/DQ75,0.39,,,0.0,0.39
HG03895,DQ75/DQ75,0.39,,,0.0,0.39
HG03896,DQ75/DQ75,0.39,,,0.0,0.39
HG03897,X/X,0.0,,,-0.117,-0.117
HG03898,DQ75/X,0.47,,,0.0,0.47
HG03899,DQ75/X,0.47,,,0.0,0.47
HG03900,X/X,0.0,,,0.0,0.0
HG03902,X/X,0.0,,,-0.117,-0.117
HG03905,DQ75/DQ75,0.39,,,0.0,0.39
HG03907,X/X,0.0,,,0.0,0.0
HG03908,DQ75/DQ75,0.39,,,-0.117,0.273
HG03910,X/X,0.0,,,-0.117,-0.117
HG03911,X/X,0.0,,,0.0,0.0
HG03913,DQ75/DQ75,0.39,,,0.0,0.39
HG03914,DQ75/X,0.47,,,-0.117,0.353
HG03916,DQ75/X,0.47,,,-0.117,0.353
HG03917,DQ75/X,0.47,,,-0.234,0.23599999999999996
HG03919,DQ75/X,0.47,,,0.0,0.47
HG03920,X/X,0.0,,,-0.117,-0.117
HG03922,X/X,0.0,,,-0.117,-0.117
HG03925,X/X,0.0,,,0.0,0.0
HG03926,DQ75/DQ75,0.39,,,-0.117,0.273
HG03928,DQ75/DQ75,0.39,,,-0.117,0.273
HG03931,DQ75/DQ75,0.39,,,0.0,0.39
HG03934,X/X,0.0,,,-0.234,-0.234
HG03937,X/X,0.0,,,-0.117,-0.117
HG03940,DQ75/DQ75,0.39,,,-0.117,0.273
HG03941,DQ75/DQ75,0.39,,,-0.117,0.273
HG03943,DQ75/DQ75,0.39,,,-0.234,0.156
HG03944,X/X,0.0,,,-0.234,-0.234
HG03945,X/X,0.0,,,0.0,0.0
HG03947,DQ75/X,0.47,,,-0.117,0.353
HG03949,X/X,0.0,,,-0.117,-0.117
HG03950,DQ75/DQ75,0.39,,,-0.234,0.156
HG03951,DQ75/DQ75,0.39,,,-0.117,0.273
HG03953,DQ75/X,0.47,,,-0.117,0.353
HG03955,X/X,0.0,,,-0.117,-0.117
HG03960,DQ75/X,0.47,,,0.0,0.47
HG03963,DQ75/DQ75,0.39,,,-0.117,0.273
HG03965,DQ75/X,0.47,,,0.0,0.47
HG03967,DQ75/X,0.47,,,-0.117,0.353
HG03968,DQ75/X,0.47,,,-0.117,0.353
HG03969,X/X,0.0,,,0.0,0.0
HG03971,DQ75/DQ75,0.39,,,-0.234,0.156
HG03973,DQ75/DQ75,0.39,,,-0.117,0.273
HG03974,DQ75/X,0.47,,,0.0,0.47
HG03976,DQ75/DQ75,0.39,,,-0.117,0.273
HG03977,DQ75/X,0.47,,,-0.117,0.353
HG03978,X/X,0.0,,,-0.117,-0.117
HG03985,DQ75/DQ75,0.39,,,0.0,0.39
HG03986,X/X,0.0,,,0.0,0.0
HG03989,DQ75/DQ75,0.39,,,0.0,0.39
HG03990,X/X,0.0,,,-0.117,-0.117
HG03991,DQ75/X,0.47,,,0.0,0.47
HG03995,DQ75/X,0.47,,,-0.117,0.353
HG03998,DQ75/DQ75,0.39,,,-0.117,0.273
HG03999,DQ75/X,0.47,,,-0.117,0.353
HG04001,X/X,0.0,,,0.0,0.0
HG04002,X/X,0.0,,,-0.117,-0.117
HG04003,DQ75/DQ75,0.39,,,0.0,0.39
HG04006,X/X,0.0,,,-0.117,-0.117
HG04014,DQ75/DQ75,0.39,,,-0.234,0.156
HG04015,DQ75/X,0.47,,,-0.117,0.353
HG04017,DQ75/X,0.47,,,0.0,0.47
HG04018,X/X,0.0,,,-0.234,-0.234
HG04019,X/X,0.0,,,-0.117,-0.117
HG04020,X/X,0.0,,,0.0,0.0
HG04022,DQ75/X,0.47,,,-0.117,0.353
HG04023,DQ75/DQ75,0.39,,,-0.117,0.273
HG04025,X/X,0.0,,,-0.117,-0.117
HG04026,X/X,0.0,,,-0.234,-0.234
HG04029,DQ75/X,0.47,,,-0.117,0.353
HG04033,X/X,0.0,,,-0.234,-0.234
HG04035,DQ75/DQ75,0.39,,,-0.117,0.273
HG04038,DQ75/DQ75,0.39,,,-0.117,0.273
HG04039,X/X,0.0,,,0.0,0.0
HG04042,X/X,0.0,,,-0.117,-0.117
HG04047,DQ75/DQ75,0.39,,,0.0,0.39
HG04054,X/X,0.0,,,0.0,0.0
HG04056,X/X,0.0,,,-0.234,-0.234
HG04059,DQ75/DQ75,0.39,,,-0.117,0.273
HG04060,X/X,0.0,,,-0.234,-0.234
HG04061,DQ75/DQ75,0.39,,,0.0,0.39
HG04062,DQ75/DQ75,0.39,,,-0.234,0.156
HG04063,X/X,0.0,,,-0.117,-0.117
HG04070,DQ75/X,0.47,,,0.0,0.47
HG04075,X/X,0.0,,,0.0,0.0
HG04076,DQ75/DQ75,0.39,,,-0.234,0.156
HG04080,X/X,0.0,,,0.0,0.0
HG04090,X/X,0.0,,,-0.234,-0.234
HG04093,DQ75/DQ75,0.39,,,-0.117,0.273
HG04094,DQ75/DQ75,0.39,,,-0.234,0.156
HG04096,X/X,0.0,,,-0.117,-0.117
HG04098,DQ75/DQ75,0.39,,,-0.117,0.273
HG04099,DQ75/DQ75,0.39,,,-0.117,0.273
HG04100,X/X,0.0,,,-0.117,-0.117
HG04106,DQ75/X,0.47,,,-0.117,0.353
HG04107,X/X,0.0,,,-0.234,-0.234
HG04118,DQ75/DQ75,0.39,,,-0.117,0.273
HG04131,DQ75/DQ75,0.39,,,-0.234,0.156
HG04134,DQ75/DQ75,0.39,,,-0.117,0.273
HG04140,X/X,0.0,,,-0.117,-0.117
HG04141,DQ75/X,0.47,,,-0.117,0.353
HG04144,DQ75/X,0.47,,,0.0,0.47
HG04146,DQ75/X,0.47,,,0.0,0.47
HG04152,X/X,0.0,,,-0.234,-0.234
HG04153,DQ75/DQ75,0.39,,,0.0,0.39
HG04155,X/X,0.0,,,-0.117,-0.117
HG04156,DQ75/X,0.47,,,-0.117,0.353
HG04158,DQ75/DQ75,0.39,,,-0.117,0.273
HG04159,DQ75/X,0.47,,,-0.117,0.353
HG04161,DQ75/X,0.47,,,-0.117,0.353
HG04162,DQ75/X,0.47,,,-0.117,0.353
HG04164,X/X,0.0,,,0.0,0.0
HG04171,DQ75/X,0.47,,,-0.117,0.353
HG04173,DQ75/X,0.47,,,0.0,0.47
HG04176,DQ75/DQ75,0.39,,,0.0,0.39
HG04177,DQ75/X,0.47,,,-0.117,0.353
HG04180,X/X,0.0,,,-0.117,-0.117
HG04182,X/X,0.0,,,-0.117,-0.117
HG04183,X/X,0.0,,,-0.117,-0.117
HG04185,X/X,0.0,,,-0.117,-0.117
HG04186,X/X,0.0,,,0.0,0.0
HG04188,DQ75/X,0.47,,,0.0,0.47
HG04189,DQ75/X,0.47,,,0.0,0.47
HG04194,DQ75/X,0.47,,,0.0,0.47
HG04195,X/X,0.0,,,-0.234,-0.234
HG04198,DQ75/DQ75,0.39,,,0.0,0.39
HG04200,DQ75/DQ75,0.39,,,-0.117,0.273
HG04202,DQ75/X,0.47,,,-0.117,0.353
HG04206,DQ75/DQ75,0.39,,,-0.117,0.273
HG04209,X/X,0.0,,,0.0,0.0
HG04210,DQ75/DQ75,0.39,,,-0.117,0.273
HG04211,X/X,0.0,,,-0.117,-0.117
HG04212,X/X,0.0,,,-0.117,-0.117
HG04214,DQ75/X,0.47,,,0.0,0.47
HG04216,DQ75/DQ75,0.39,,,0.0,0.39
HG04219,X/X,0.0,,,0.0,0.0
HG04222,X/X,0.0,,,0.0,0.0
HG04225,DQ75/DQ75,0.39,,,-0.234,0.156
HG04227,X/X,0.0,,,-0.234,-0.234
HG04229,DQ75/DQ75,0.39,,,-0.117,0.273
HG04235,X/X,0.0,,,0.0,0.0
HG04238,X/X,0.0,,,-0.117,-0.117
HG04239,X/X,0.0,,,0.0,0.0
NA06984,X/X,0.0,,,-0.117,-0.117
NA06985,DQ75/DQ75,0.39,,,-0.234,0.156
NA06986,X/X,0.0,,,-0.117,-0.117
NA06989,X/X,0.0,,,0.0,0.0
NA06994,DQ75/X,0.47,,,0.0,0.47
NA07000,X/X,0.0,,,-0.234,-0.234
NA07037,DQ75/DQ75,0.39,,,0.0,0.39
NA07048,DQ75/X,0.47,,,-0.117,0.353
NA07051,DQ75/X,0.47,,,-0.234,0.23599999999999996
NA07056,X/X,0.0,,,-0.117,-0.117
NA07347,X/X,0.0,,,-0.117,-0.117
NA07357,X/X,0.0,,,-0.117,-0.117
NA10847,DQ75/DQ75,0.39,,,-0.117,0.273
NA10851,X/X,0.0,,,-0.117,-0.117
NA11829,X/X,0.0,,,-0.234,-0.234
NA11830,X/X,0.0,,,0.0,0.0
NA11831,DQ75/X,0.47,,,-0.117,0.353
NA11832,DQ75/DQ75,0.39,,,-0.117,0.273
NA11840,X/X,0.0,,,-0.117,-0.117
NA11843,X/X,0.0,,,-0.117,-0.117
NA11881,DQ75/DQ75,0.39,,,-0.234,0.156
NA11892,X/X,0.0,,,-0.117,-0.117
NA11893,X/X,0.0,,,-0.117,-0.117
NA11894,DQ75/X,0.47,,,-0.117,0.353
NA11918,DQ75/X,0.47,,,-0.234,0.23599999999999996
NA11919,DQ75/X,0.47,,,-0.117,0.353
NA11920,DQ75/X,0.47,,,-0.117,0.353
NA11930,DQ75/X,0.47,,,-0.117,0.353
NA11931,DQ75/X,0.47,,,-0.117,0.353
NA11932,X/X,0.0,,,-0.117,-0.117
NA11933,DQ75/X,0.47,,,-0.117,0.353
NA11992,DQ75/X,0.47,,,-0.117,0.353
NA11994,X/X,0.0,,,0.0,0.0
NA11995,DQ75/DQ75,0.39,,,0.0,0.39
NA12003,DQ75/DQ75,0.39,,,0.0,0.39
NA12004,DQ75/DQ75,0.39,,,0.0,0.39
NA12005,DQ75/DQ75,0.39,,,-0.117,0.273
NA12006,DQ75/DQ75,0.39,,,0.0,0.39
NA12043,DQ75/DQ75,0.39,,,0.0,0.39
NA12044,DQ75/DQ75,0.39,,,-0.117,0.273
NA12045,DQ75/DQ75,0.39,,,0.0,0.39
NA12046,X/X,0.0,,,-0.117,-0.117
NA12058,X/X,0.0,,,0.0,0.0
NA12144,DQ75/X,0.47,,,0.0,0.47
NA12154,X/X,0.0,,,0.0,0.0
NA12155,X/X,0.0,,,-0.117,-0.117
NA12156,X/X,0.0,,,-0.117,-0.117
NA12234,DQ75/X,0.47,,,-0.234,0.23599999999999996
NA12249,DQ75/X,0.47,,,-0.234,0.23599999999999996
NA12272,DQ75/DQ75,0.39,,,-0.117,0.273
NA12273,X/X,0.0,,,-0.117,-0.117
NA12275,DQ75/X,0.47,,,-0.117,0.353
NA12282,DQ75/X,0.47,,,0.0,0.47
NA12283,DQ75/DQ75,0.39,,,-0.117,0.273
NA12286,X/X,0.0,,,-0.234,-0.234
NA12287,X/X,0.0,,,-0.234,-0.234
NA12340,DQ75/DQ75,0.39,,,0.0,0.39
NA12341,X/X,0.0,,,-0.234,-0.234
NA12342,X/X,0.0,,,0.0,0.0
NA12347,DQ75/DQ75,0.39,,,0.0,0.39
NA12348,DQ75/DQ75,0.39,,,-0.117,0.273
NA12383,DQ75/DQ75,0.39,,,0.0,0.39
NA12399,X/X,0.0,,,-0.234,-0.234
NA12400,DQ75/X,0.47,,,-0.117,0.353
NA12413,DQ75/DQ75,0.39,,,-0.234,0.156
NA12414,DQ75/X,0.47,,,-0.234,0.23599999999999996
NA12489,DQ75/X,0.47,,,-0.117,0.353
NA12546,X/X,0.0,,,-0.234,-0.234
NA12716,DQ75/X,0.47,,,-0.117,0.353
NA12717,DQ75/DQ75,0.39,,,0.0,0.39
NA12718,X/X,0.0,,,-0.234,-0.234
NA12748,X/X,0.0,,,0.0,0.0
NA12749,DQ75/DQ75,0.39,,,-0.117,0.273
NA12750,DQ75/X,0.47,,,0.0,0.47
NA12751,X/X,0.0,,,-0.234,-0.234
NA12760,X/X,0.0,,,-0.117,-0.117
NA12761,DQ75/X,0.47,,,-0.117,0.353
NA12762,X/X,0.0,,,-0.234,-0.234
NA12763,DQ75/X,0.47,,,-0.117,0.353
NA12775,DQ75/X,0.47,,,-0.117,0.353
NA12776,DQ75/DQ75,0.39,,,-0.234,0.156
NA12777,X/X,0.0,,,-0.117,-0.117
NA12778,X/X,0.0,,,-0.117,-0.117
NA12812,DQ75/X,0.47,,,0.0,0.47
NA12813,X/X,0.0,,,-0.117,-0.117
NA12814,DQ75/DQ75,0.39,,,-0.234,0.156
NA12815,DQ75/DQ75,0.39,,,-0.234,0.156
NA12827,DQ75/DQ75,0.39,,,-0.234,0.156
NA12828,DQ75/X,0.47,,,-0.117,0.353
NA12829,DQ75/DQ75,0.39,,,-0.117,0.273
NA12830,DQ75/DQ75,0.39,,,-0.234,0.156
NA12842,DQ75/X,0.47,,,0.0,0.47
NA12843,DQ75/X,0.47,,,-0.234,0.23599999999999996
NA12872,X/X,0.0,,,-0.234,-0.234
NA12873,DQ75/DQ75,0.39,,,-0.117,0.273
NA12874,DQ75/DQ75,0.39,,,-0.117,0.273
NA12878,DQ75/X,0.47,,,0.0,0.47
NA12889,DQ75/X,0.47,,,-0.117,0.353
NA12890,X/X,0.0,,,-0.117,-0.117
NA18486,DQ75/X,0.47,,,0.0,0.47
NA18488,DQ75/X,0.47,,,0.0,0.47
NA18489,X/X,0.0,,,0.0,0.0
NA18498,DQ75/DQ75,0.39,,,0.0,0.39
NA18499,DQ75/X,0.47,,,0.0,0.47
NA18501,DQ75/DQ75,0.39,,,0.0,0.39
NA18502,DQ75/DQ75,0.39,,,0.0,0.39
NA18504,DQ75/X,0.47,,,0.0,0.47
NA18505,DQ75/X,0.47,,,0.0,0.47
NA18507,DQ75/DQ75,0.39,,,0.0,0.39
NA18508,X/X,0.0,,,0.0,0.0
NA18510,DQ75/DQ75,0.39,,,0.0,0.39
NA18511,DQ75/X,0.47,,,0.0,0.47
NA18516,X/X,0.0,,,0.0,0.0
NA18517,X/X,0.0,,,0.0,0.0
NA18519,DQ75/X,0.47,,,0.0,0.47
NA18520,DQ75/X,0.47,,,0.0,0.47
NA18522,DQ75/DQ75,0.39,,,0.0,0.39
NA18523,DQ75/DQ75,0.39,,,0.0,0.39
NA18525,X/X,0.0,,,-0.117,-0.117
NA18526,X/X,0.0,,,0.0,0.0
NA18528,DQ75/DQ75,0.39,,,0.0,0.39
NA18530,DQ75/DQ75,0.39,,,0.0,0.39
NA18531,DQ75/DQ75,0.39,,,0.0,0.39
NA18532,X/X,0.0,,,0.0,0.0
NA18533,X/X,0.0,,,0.0,0.0
NA18534,X/X,0.0,,,0.0,0.0
NA18535,DQ75/DQ75,0.39,,,0.0,0.39
NA18536,DQ75/X,0.47,,,0.0,0.47
NA18537,DQ75/DQ75,0.39,,,-0.117,0.273
NA18538,DQ75/DQ75,0.39,,,0.0,0.39
NA18539,X/X,0.0,,,-0.117,-0.117
NA18541,DQ75/X,0.47,,,-0.234,0.23599999999999996
NA18542,X/X,0.0,,,-0.234,-0.234
NA18543,X/X,0.0,,,0.0,0.0
NA18544,DQ75/X,0.47,,,-0.234,0.23599999999999996
NA18545,X/X,0.0,,,0.0,0.0
NA18546,X/X,0.0,,,0.0,0.0
NA18547,DQ75/X,0.47,,,0.0,0.47
NA18548,DQ75/DQ75,0.39,,,0.0,0.39
NA18549,DQ75/DQ75,0.39,,,0.0,0.39
NA18550,X/X,0.0,,,0.0,0.0
NA18552,DQ75/DQ75,0.39,,,0.0,0.39
NA18553,X/X,0.0,,,-0.117,-0.117
NA18555,X/X,0.0,,,-0.117,-0.117
NA18557,DQ75/DQ75,0.39,,,-0.117,0.273
NA18558,DQ75/X,0.47,,,0.0,0.47
NA18559,DQ75/X,0.47,,,-0.117,0.353
NA18560,X/X,0.0,,,0.0,0.0
NA18561,X/X,0.0,,,-0.117,-0.117
NA18562,X/X,0.0,,,0.0,0.0
NA18563,DQ75/DQ75,0.39,,,-0.117,0.273
NA18564,X/X,0.0,,,-0.117,-0.117
NA18565,X/X,0.0,,,0.0,0.0
NA18566,DQ75/X,0.47,,,0.0,0.47
NA18567,X/X,0.0,,,0.0,0.0
NA18570,X/X,0.0,,,-0.117,-0.117
NA18571,X/X,0.0,,,0.0,0.0
NA18572,DQ75/DQ75,0.39,,,-0.117,0.273
NA18573,X/X,0.0,,,0.0,0.0
NA18574,X/X,0.0,,,-0.117,-0.117
NA18577,DQ75/X,0.47,,,-0.117,0.353
NA18579,X/X,0.0,,,0.0,0.0
NA18582,X/X,0.0,,,0.0,0.0
NA18591,DQ75/DQ75,0.39,,,0.0,0.39
NA18592,DQ75/X,0.47,,,0.0,0.47
NA18593,DQ75/DQ75,0.39,,,0.0,0.39
NA18595,DQ75/DQ75,0.39,,,-0.117,0.273
NA18596,DQ75/DQ75,0.39,,,-0.117,0.273
NA18597,X/X,0.0,,,-0.117,-0.117
NA18599,X/X,0.0,,,-0.117,-0.117
NA18602,X/X,0.0,,,0.0,0.0
NA18603,X/X,0.0,,,0.0,0.0
NA18605,DQ75/DQ75,0.39,,,0.0,0.39
NA18606,X/X,0.0,,,0.0,0.0
NA18608,DQ75/DQ75,0.39,,,-0.117,0.273
NA18609,DQ75/X,0.47,,,-0.234,0.23599999999999996
NA18610,DQ75/DQ75,0.39,,,-0.117,0.273
NA18611,DQ75/X,0.47,,,0.0,0.47
NA18612,DQ75/DQ75,0.39,,,0.0,0.39
NA18613,X/X,0.0,,,-0.117,-0.117
NA18614,X/X,0.0,,,0.0,0.0
NA18615,X/X,0.0,,,-0.117,-0.117
NA18616,X/X,0.0,,,0.0,0.0
NA18617,X/X,0.0,,,-0.117,-0.117
NA18618,X/X,0.0,,,-0.234,-0.234
NA18619,DQ75/DQ75,0.39,,,0.0,0.39
NA18620,X/X,0.0,,,-0.117,-0.117
NA18621,X/X,0.0,,,-0.117,-0.117
NA18622,X/X,0.0,,,0.0,0.0
NA18623,X/X,0.0,,,0.0,0.0
NA18624,X/X,0.0,,,-0.117,-0.117
NA18625,DQ75/X,0.47,,,-0.117,0.353
NA18626,X/X,0.0,,,-0.117,-0.117
NA18627,X/X,0.0,,,-0.234,-0.234
NA18628,X/X,0.0,,,0.0,0.0
NA18629,DQ75/X,0.47,,,0.0,0.47
NA18630,X/X,0.0,,,0.0,0.0
NA18631,X/X,0.0,,,0.0,0.0
NA18632,X/X,0.0,,,-0.117,-0.117
NA18633,X/X,0.0,,,-0.117,-0.117
NA18634,X/X,0.0,,,0.0,0.0
NA18635,X/X,0.0,,,-0.117,-0.117
NA18636,DQ75/X,0.47,,,0.0,0.47
NA18637,X/X,0.0,,,0.0,0.0
NA18638,DQ75/X,0.47,,,0.0,0.47
NA18639,DQ75/DQ75,0.39,,,0.0,0.39
NA18640,X/X,0.0,,,0.0,0.0
NA18641,X/X,0.0,,,-0.117,-0.117
NA18642,DQ75/DQ75,0.39,,,0.0,0.39
NA18643,X/X,0.0,,,-0.117,-0.117
NA18644,DQ75/DQ75,0.39,,,-0.234,0.156
NA18645,DQ75/X,0.47,,,0.0,0.47
NA18646,X/X,0.0,,,0.0,0.0
NA18647,DQ75/X,0.47,,,-0.234,0.23599999999999996
NA18648,DQ75/DQ75,0.39,,,-0.234,0.156
NA18740,DQ75/X,0.47,,,0.0,0.47
NA18745,X/X,0.0,,,-0.117,-0.117
NA18747,DQ75/DQ75,0.39,,,-0.117,0.273
NA18748,DQ75/DQ75,0.39,,,0.0,0.39
NA18749,X/X,0.0,,,-0.234,-0.234
NA18757,DQ75/DQ75,0.39,,,0.0,0.39
NA18853,DQ75/X,0.47,,,0.0,0.47
NA18856,DQ75/DQ75,0.39,,,0.0,0.39
NA18858,X/X,0.0,,,0.0,0.0
NA18861,DQ75/DQ75,0.39,,,0.0,0.39
NA18864,X/X,0.0,,,0.0,0.0
NA18865,DQ75/X,0.47,,,0.0,0.47
NA18867,DQ75/DQ75,0.39,,,0.0,0.39
NA18868,DQ75/DQ75,0.39,,,0.0,0.39
NA18870,X/X,0.0,,,0.0,0.0
NA18871,X/X,0.0,,,0.0,0.0
NA18873,DQ75/DQ75,0.39,,,0.0,0.39
NA18874,X/X,0.0,,,0.0,0.0
NA18876,DQ75/X,0.47,,,0.0,0.47
NA18877,DQ75/X,0.47,,,0.0,0.47
NA18878,DQ75/DQ75,0.39,,,0.0,0.39
NA18879,DQ75/DQ75,0.39,,,0.0,0.39
NA18881,DQ75/X,0.47,,,0.0,0.47
NA18907,DQ75/DQ75,0.39,,,0.0,0.39
NA18908,DQ75/X,0.47,,,0.0,0.47
NA18909,X/X,0.0,,,0.0,0.0
NA18910,X/X,0.0,,,0.0,0.0
NA18912,DQ75/DQ75,0.39,,,0.0,0.39
NA18915,X/X,0.0,,,0.0,0.0
NA18916,DQ75/X,0.47,,,0.0,0.47
NA18917,DQ75/DQ75,0.39,,,0.0,0.39
NA18923,DQ75/DQ75,0.39,,,0.0,0.39
NA18924,DQ75/X,0.47,,,0.0,0.47
NA18933,DQ75/DQ75,0.39,,,0.0,0.39
NA18934,DQ75/DQ75,0.39,,,0.0,0.39
NA18939,DQ75/DQ75,0.39,,,-0.117,0.273
NA18940,X/X,0.0,,,0.0,0.0
NA18941,DQ75/X,0.47,,,-0.117,0.353
NA18942,X/X,0.0,,,0.0,0.0
NA18943,X/X,0.0,,,-0.117,-0.117
NA18944,X/X,0.0,,,-0.234,-0.234
NA18945,DQ75/DQ75,0.39,,,0.0,0.39
NA18946,DQ75/DQ75,0.39,,,0.0,0.39
NA18947,X/X,0.0,,,-0.117,-0.117
NA18948,DQ75/X,0.47,,,0.0,0.47
NA18949,DQ75/DQ75,0.39,,,-0.117,0.273
NA18950,DQ75/X,0.47,,,-0.234,0.23599999999999996
NA18951,X/X,0.0,,,0.0,0.0
NA18952,DQ75/DQ75,0.39,,,-0.117,0.273
NA18953,X/X,0.0,,,0.0,0.0
NA18954,X/X,0.0,,,-0.234,-0.234
NA18956,X/X,0.0,,,-0.117,-0.117
NA18957,X/X,0.0,,,0.0,0.0
NA18959,DQ75/X,0.47,,,-0.117,0.353
NA18960,X/X,0.0,,,-0.234,-0.234
NA18961,X/X,0.0,,,-0.117,-0.117
NA18962,DQ75/DQ75,0.39,,,0.0,0.39
NA18963,DQ75/X,0.47,,,-0.117,0.353
NA18964,DQ75/DQ75,0.39,,,-0.117,0.273
NA18965,X/X,0.0,,,0.0,0.0
NA18966,DQ75/DQ75,0.39,,,0.0,0.39
NA18967,DQ75/DQ75,0.39,,,-0.117,0.273
NA18968,DQ75/DQ75,0.39,,,0.0,0.39
NA18969,DQ75/X,0.47,,,0.0,0.47
NA18970,DQ75/X,0.47,,,-0.117,0.353
NA18971,DQ75/DQ75,0.39,,,-0.117,0.273
NA18972,DQ75/DQ75,0.39,,,-0.117,0.273
NA18973,X/X,0.0,,,0.0,0.0
NA18974,DQ75/DQ75,0.39,,,0.0,0.39
NA18975,DQ75/X,0.47,,,0.0,0.47
NA18976,DQ75/DQ75,0.39,,,0.0,0.39
NA18977,X/X,0.0,,,-0.117,-0.117
NA18978,DQ75/X,0.47,,,-0.117,0.353
NA18979,X/X,0.0,,,0.0,0.0
NA18980,X/X,0.0,,,-0.117,-0.117
NA18981,X/X,0.0,,,0.0,0.0
NA18982,X/X,0.0,,,0.0,0.0
NA18983,X/X,0.0,,,0.0,0.0
NA18984,DQ75/DQ75,0.39,,,0.0,0.39
NA18985,X/X,0.0,,,-0.117,-0.117
NA18986,DQ75/DQ75,0.39,,,-0.234,0.156
NA18987,X/X,0.0,,,-0.117,-0.117
NA18988,DQ75/X,0.47,,,0.0,0.47
NA18989,DQ75/X,0.47,,,-0.117,0.353
NA18990,DQ75/DQ75,0.39,,,-0.234,0.156
NA18991,X/X,0.0,,,-0.117,-0.117
NA18992,DQ75/DQ75,0.39,,,0.0,0.39
NA18993,X/X,0.0,,,-0.117,-0.117
NA18994,DQ75/DQ75,0.39,,,0.0,0.39
NA18995,DQ75/X,0.47,,,-0.117,0.353
NA18997,X/X,0.0,,,-0.117,-0.117
NA18998,DQ75/X,0.47,,,0.0,0.47
NA18999,X/X,0.0,,,-0.117,-0.117
NA19000,DQ75/X,0.47,,,0.0,0.47
NA19001,DQ75/X,0.47,,,-0.117,0.353
NA19002,DQ75/DQ75,0.39,,,-0.117,0.273
NA19003,DQ75/X,0.47,,,-0.117,0.353
NA19004,X/X,0.0,,,-0.117,-0.117
NA19005,DQ75/DQ75,0.39,,,0.0,0.39
NA19006,DQ75/DQ75,0.39,,,0.0,0.39
NA19007,X/X,0.0,,,-0.117,-0.117
NA19009,X/X,0.0,,,0.0,0.0
NA19010,X/X,0.0,,,0.0,0.0
NA19011,DQ75/X,0.47,,,0.0,0.47
NA19012,X/X,0.0,,,-0.117,-0.117
NA19017,DQ75/DQ75,0.39,,,0.0,0.39
NA19019,DQ75/DQ75,0.39,,,0.0,0.39
NA19020,DQ75/X,0.47,,,0.0,0.47
NA19023,DQ75/DQ75,0.39,,,0.0,0.39
NA19024,DQ75/X,0.47,,,0.0,0.47
NA19025,DQ75/DQ75,0.39,,,0.0,0.39
NA19026,DQ75/X,0.47,,,0.0,0.47
NA19027,DQ75/DQ75,0.39,,,0.0,0.39
NA19028,DQ75/X,0.47,,,0.0,0.47
NA19030,DQ75/X,0.47,,,0.0,0.47
NA19031,X/X,0.0,,,0.0,0.0
NA19035,X/X,0.0,,,0.0,0.0
NA19036,DQ75/DQ75,0.39,,,0.0,0.39
NA19037,X/X,0.0,,,0.0,0.0
NA19038,DQ75/X,0.47,,,0.0,0.47
NA19041,DQ75/DQ75,0.39,,,0.0,0.39
NA19042,DQ75/DQ75,0.39,,,0.0,0.39
NA19043,DQ75/DQ75,0.39,,,0.0,0.39
NA19054,DQ75/X,0.47,,,-0.117,0.353
NA19055,DQ75/DQ75,0.39,,,-0.117,0.273
NA19056,X/X,0.0,,,0.0,0.0
NA19057,X/X,0.0,,,-0.117,-0.117
NA19058,X/X,0.0,,,-0.117,-0.117
NA19059,X/X,0.0,,,0.0,0.0
NA19060,DQ75/DQ75,0.39,,,-0.117,0.273
NA19062,DQ75/DQ75,0.39,,,-0.117,0.273
NA19063,X/X,0.0,,,0.0,0.0
NA19064,X/X,0.0,,,-0.117,-0.117
NA19065,DQ75/DQ75,0.39,,,0.0,0.39
NA19066,X/X,0.0,,,-0.117,-0.117
NA19067,X/X,0.0,,,0.0,0.0
NA19068,X/X,0.0,,,0.0,0.0
NA19070,X/X,0.0,,,0.0,0.0
NA19072,DQ75/X,0.47,,,-0.117,0.353
NA19074,X/X,0.0,,,0.0,0.0
NA19075,DQ75/X,0.47,,,-0.117,0.353
NA19076,X/X,0.0,,,-0.234,-0.234
NA19077,DQ75/DQ75,0.39,,,0.0,0.39
NA19078,DQ75/DQ75,0.39,,,-0.117,0.273
NA19079,DQ75/DQ75,0.39,,,0.0,0.39
NA19080,DQ75/DQ75,0.39,,,-0.117,0.273
NA19081,X/X,0.0,,,-0.234,-0.234
NA19082,DQ75/X,0.47,,,0.0,0.47
NA19083,DQ75/DQ75,0.39,,,-0.117,0.273
NA19084,X/X,0.0,,,0.0,0.0
NA19085,DQ75/X,0.47,,,-0.117,0.353
NA19086,X/X,0.0,,,-0.117,-0.117
NA19087,DQ75/DQ75,0.39,,,0.0,0.39
NA19088,X/X,0.0,,,-0.117,-0.117
NA19089,DQ75/DQ75,0.39,,,0.0,0.39
NA19090,X/X,0.0,,,0.0,0.0
NA19091,X/X,0.0,,,0.0,0.0
NA19092,DQ75/DQ75,0.39,,,0.0,0.39
NA19093,DQ75/DQ75,0.39,,,0.0,0.39
NA19095,DQ75/DQ75,0.39,,,0.0,0.39
NA19096,X/X,0.0,,,0.0,0.0
NA19098,DQ75/DQ75,0.39,,,0.0,0.39
NA19099,DQ75/X,0.47,,,0.0,0.47
NA19102,DQ75/DQ75,0.39,,,0.0,0.39
NA19107,DQ75/X,0.47,,,0.0,0.47
NA19108,DQ75/X,0.47,,,0.0,0.47
NA19113,DQ75/X,0.47,,,0.0,0.47
NA19114,DQ75/X,0.47,,,0.0,0.47
NA19116,DQ75/DQ75,0.39,,,0.0,0.39
NA19117,DQ75/DQ75,0.39,,,0.0,0.39
NA19118,DQ75/DQ75,0.39,,,0.0,0.39
NA19119,DQ75/X,0.47,,,0.0,0.47
NA19121,DQ75/X,0.47,,,0.0,0.47
NA19129,DQ75/X,0.47,,,0.0,0.47
NA19130,X/X,0.0,,,0.0,0.0
NA19131,X/X,0.0,,,0.0,0.0
NA19137,DQ75/DQ75,0.39,,,0.0,0.39
NA19138,DQ75/DQ75,0.39,,,0.0,0.39
NA19141,DQ75/DQ75,0.39,,,0.0,0.39
NA19143,DQ75/X,0.47,,,0.0,0.47
NA19144,DQ75/X,0.47,,,0.0,0.47
NA19146,X/X,0.0,,,0.0,0.0
NA19147,DQ75/X,0.47,,,0.0,0.47
NA19149,DQ75/DQ75,0.39,,,0.0,0.39
NA19152,DQ75/DQ75,0.39,,,0.0,0.39
NA19153,DQ75/DQ75,0.39,,,0.0,0.39
NA19159,DQ75/DQ75,0.39,,,0.0,0.39
NA19160,DQ75/X,0.47,,,0.0,0.47
NA19171,DQ75/X,0.47,,,0.0,0.47
NA19172,X/X,0.0,,,0.0,0.0
NA19175,DQ75/DQ75,0.39,,,0.0,0.39
NA19184,DQ75/DQ75,0.39,,,0.0,0.39
NA19185,DQ75/DQ75,0.39,,,0.0,0.39
NA19189,X/X,0.0,,,0.0,0.0
NA19190,X/X,0.0,,,0.0,0.0
NA19197,X/X,0.0,,,0.0,0.0
NA19198,DQ75/DQ75,0.39,,,0.0,0.39
NA19200,DQ75/DQ75,0.39,,,0.0,0.39
NA19201,X/X,0.0,,,0.0,0.0
NA19204,X/X,0.0,,,0.0,0.0
NA19206,DQ75/DQ75,0.39,,,0.0,0.39
NA19207,X/X,0.0,,,0.0,0.0
NA19209,DQ75/DQ75,0.39,,,0.0,0.39
NA19210,DQ75/X,0.47,,,0.0,0.47
NA19213,DQ75/DQ75,0.39,,,0.0,0.39
NA19214,DQ75/DQ75,0.39,,,0.0,0.39
NA19222,X/X,0.0,,,0.0,0.0
NA19223,X/X,0.0,,,0.0,0.0
NA19225,DQ75/X,0.47,,,0.0,0.47
NA19235,DQ75/DQ75,0.39,,,0.0,0.39
NA19236,DQ75/DQ75,0.39,,,0.0,0.39
NA19238,DQ75/DQ75,0.39,,,0.0,0.39
NA19239,DQ75/DQ75,0.39,,,0.0,0.39
NA19247,DQ75/X,0.47,,,0.0,0.47
NA19248,X/X,0.0,,,0.0,0.0
NA19256,DQ75/X,0.47,,,0.0,0.47
NA19257,DQ75/DQ75,0.39,,,0.0,0.39
NA19307,DQ75/DQ75,0.39,,,0.0,0.39
NA19308,DQ75/X,0.47,,,0.0,0.47
NA19309,X/X,0.0,,,0.0,0.0
NA19310,DQ75/DQ75,0.39,,,0.0,0.39
NA19312,DQ75/DQ75,0.39,,,0.0,0.39
NA19314,DQ75/X,0.47,,,0.0,0.47
NA19315,DQ75/DQ75,0.39,,,0.0,0.39
NA19316,DQ75/X,0.47,,,0.0,0.47
NA19317,X/X,0.0,,,0.0,0.0
NA19318,DQ75/DQ75,0.39,,,0.0,0.39
NA19319,X/X,0.0,,,0.0,0.0
NA19320,DQ75/DQ75,0.39,,,0.0,0.39
NA19321,DQ75/DQ75,0.39,,,0.0,0.39
NA19323,X/X,0.0,,,0.0,0.0
NA19324,DQ75/X,0.47,,,0.0,0.47
NA19327,DQ75/DQ75,0.39,,,0.0,0.39
NA19328,DQ75/X,0.47,,,0.0,0.47
NA19331,DQ75/DQ75,0.39,,,0.0,0.39
NA19332,X/X,0.0,,,0.0,0.0
NA19334,X/X,0.0,,,0.0,0.0
NA19338,DQ75/DQ75,0.39,,,0.0,0.39
NA19346,DQ75/DQ75,0.39,,,0.0,0.39
NA19347,DQ75/DQ75,0.39,,,0.0,0.39
NA19350,DQ75/DQ75,0.39,,,0.0,0.39
NA19351,DQ75/DQ75,0.39,,,0.0,0.39
NA19355,DQ75/DQ75,0.39,,,0.0,0.39
NA19360,DQ75/X,0.47,,,0.0,0.47
NA19372,X/X,0.0,,,0.0,0.0
NA19374,X/X,0.0,,,0.0,0.0
NA19375,DQ75/X,0.47,,,0.0,0.47
NA19376,DQ75/X,0.47,,,0.0,0.47
NA19377,X/X,0.0,,,0.0,0.0
NA19378,DQ75/X,0.47,,,0.0,0.47
NA19379,DQ75/X,0.47,,,0.0,0.47
NA19380,DQ75/DQ75,0.39,,,0.0,0.39
NA19383,DQ75/DQ75,0.39,,,0.0,0.39
NA19384,DQ75/DQ75,0.39,,,0.0,0.39
NA19385,DQ75/X,0.47,,,0.0,0.47
NA19390,DQ75/X,0.47,,,0.0,0.47
NA19391,X/X,0.0,,,0.0,0.0
NA19393,X/X,0.0,,,0.0,0.0
NA19394,DQ75/DQ75,0.39,,,0.0,0.39
NA19395,DQ75/DQ75,0.39,,,0.0,0.39
NA19397,DQ75/DQ75,0.39,,,0.0,0.39
NA19399,DQ75/X,0.47,,,0.0,0.47
NA19401,DQ75/DQ75,0.39,,,0.0,0.39
NA19403,DQ75/DQ75,0.39,,,0.0,0.39
NA19404,DQ75/X,0.47,,,0.0,0.47
NA19428,DQ75/DQ75,0.39,,,0.0,0.39
NA19429,DQ75/X,0.47,,,0.0,0.47
NA19430,DQ75/DQ75,0.39,,,0.0,0.39
NA19431,DQ75/X,0.47,,,0.0,0.47
NA19434,DQ75/X,0.47,,,0.0,0.47
NA19435,X/X,0.0,,,0.0,0.0
NA19436,DQ75/X,0.47,,,0.0,0.47
NA19437,DQ75/DQ75,0.39,,,0.0,0.39
NA19438,DQ75/DQ75,0.39,,,0.0,0.39
NA19439,DQ75/DQ75,0.39,,,0.0,0.39
NA19440,X/X,0.0,,,0.0,0.0
NA19443,DQ75/X,0.47,,,0.0,0.47
NA19445,DQ75/DQ75,0.39,,,0.0,0.39
NA19446,DQ75/X,0.47,,,0.0,0.47
NA19448,DQ75/DQ75,0.39,,,0.0,0.39
NA19449,DQ75/DQ75,0.39,,,0.0,0.39
NA19451,DQ75/DQ75,0.39,,,0.0,0.39
NA19452,DQ75/DQ75,0.39,,,0.0,0.39
NA19454,DQ75/DQ75,0.39,,,0.0,0.39
NA19455,DQ75/X,0.47,,,0.0,0.47
NA19456,DQ75/DQ75,0.39,,,0.0,0.39
NA19457,DQ75/DQ75,0.39,,,0.0,0.39
NA19461,X/X,0.0,,,0.0,0.0
NA19462,DQ75/DQ75,0.39,,,0.0,0.39
NA19463,DQ75/X,0.47,,,0.0,0.47
NA19466,DQ75/DQ75,0.39,,,0.0,0.39
NA19467,X/X,0.0,,,0.0,0.0
NA19468,DQ75/DQ75,0.39,,,0.0,0.39
NA19471,DQ75/X,0.47,,,0.0,0.47
NA19472,DQ75/DQ75,0.39,,,0.0,0.39
NA19473,DQ75/X,0.47,,,0.0,0.47
NA19474,DQ75/DQ75,0.39,,,-0.117,0.273
NA19475,X/X,0.0,,,-0.117,-0.117
NA19625,DQ75/DQ75,0.39,,,0.0,0.39
NA19648,DQ75/DQ75,0.39,,,-0.117,0.273
NA19649,DQ75/X,0.47,,,-0.117,0.353
NA19651,DQ75/X,0.47,,,0.0,0.47
NA19652,X/X,0.0,,,-0.117,-0.117
NA19654,X/X,0.0,,,-0.234,-0.234
NA19655,DQ75/X,0.47,,,-0.117,0.353
NA19657,X/X,0.0,,,-0.117,-0.117
NA19658,X/X,0.0,,,-0.117,-0.117
NA19661,DQ75/DQ75,0.39,,,-0.234,0.156
NA19663,DQ75/DQ75,0.39,,,-0.117,0.273
NA19664,DQ75/X,0.47,,,-0.117,0.353
NA19669,X/X,0.0,,,-0.117,-0.117
NA19670,X/X,0.0,,,-0.117,-0.117
NA19676,X/X,0.0,,,-0.117,-0.117
NA19678,X/X,0.0,,,-0.234,-0.234
NA19679,DQ75/DQ75,0.39,,,-0.117,0.273
NA19681,X/X,0.0,,,0.0,0.0
NA19682,X/X,0.0,,,-0.117,-0.117
NA19684,DQ75/DQ75,0.39,,,-0.117,0.273
NA19700,DQ75/X,0.47,,,0.0,0.47
NA19701,X/X,0.0,,,0.0,0.0
NA19703,X/X,0.0,,,0.0,0.0
NA19704,DQ75/X,0.47,,,0.0,0.47
NA19707,DQ75/DQ75,0.39,,,0.0,0.39
NA19711,DQ75/X,0.47,,,-0.117,0.353
NA19712,X/X,0.0,,,0.0,0.0
NA19713,DQ75/DQ75,0.39,,,0.0,0.39
NA19716,DQ75/X,0.47,,,-0.117,0.353
NA19717,DQ75/X,0.47,,,-0.117,0.353
NA19719,DQ75/X,0.47,,,-0.234,0.23599999999999996
NA19720,X/X,0.0,,,-0.117,-0.117
NA19722,DQ75/X,0.47,,,0.0,0.47
NA19723,X/X,0.0,,,-0.117,-0.117
NA19725,X/X,0.0,,,-0.117,-0.117
NA19726,X/X,0.0,,,0.0,0.0
NA19728,X/X,0.0,,,-0.117,-0.117
NA19729,X/X,0.0,,,-0.234,-0.234
NA19731,X/X,0.0,,,-0.117,-0.117
NA19732,X/X,0.0,,,-0.234,-0.234
NA19734,X/X,0.0,,,-0.234,-0.234
NA19735,X/X,0.0,,,-0.234,-0.234
NA19740,X/X,0.0,,,-0.117,-0.117
NA19741,X/X,0.0,,,-0.234,-0.234
NA19746,X/X,0.0,,,0.0,0.0
NA19747,DQ75/DQ75,0.39,,,0.0,0.39
NA19749,DQ75/DQ75,0.39,,,-0.117,0.273
NA19750,X/X,0.0,,,0.0,0.0
NA19752,DQ75/X,0.47,,,-0.117,0.353
NA19755,X/X,0.0,,,-0.117,-0.117
NA19756,X/X,0.0,,,-0.234,-0.234
NA19758,X/X,0.0,,,0.0,0.0
NA19759,X/X,0.0,,,-0.117,-0.117
NA19761,DQ75/DQ75,0.39,,,0.0,0.39
NA19762,X/X,0.0,,,-0.117,-0.117
NA19764,DQ75/DQ75,0.39,,,-0.234,0.156
NA19770,X/X,0.0,,,0.0,0.0
NA19771,DQ75/DQ75,0.39,,,-0.117,0.273
NA19773,DQ75/DQ75,0.39,,,-0.117,0.273
NA19774,DQ75/DQ75,0.39,,,-0.117,0.273
NA19776,X/X,0.0,,,-0.117,-0.117
NA19777,X/X,0.0,,,0.0,0.0
NA19779,DQ75/X,0.47,,,-0.117,0.353
NA19780,X/X,0.0,,,-0.234,-0.234
NA19782,DQ75/X,0.47,,,-0.117,0.353
NA19783,X/X,0.0,,,-0.117,-0.117
NA19785,X/X,0.0,,,0.0,0.0
NA19786,DQ75/X,0.47,,,-0.117,0.353
NA19788,X/X,0.0,,,-0.117,-0.117
NA19789,X/X,0.0,,,-0.234,-0.234
NA19792,DQ75/DQ75,0.39,,,-0.117,0.273
NA19794,DQ75/X,0.47,,,0.0,0.47
NA19795,X/X,0.0,,,0.0,0.0
NA19818,DQ75/X,0.47,,,0.0,0.47
NA19819,DQ75/DQ75,0.39,,,0.0,0.39
NA19834,DQ75/X,0.47,,,-0.117,0.353
NA19835,DQ75/X,0.47,,,0.0,0.47
NA19900,DQ75/X,0.47,,,-0.117,0.353
NA19901,DQ75/X,0.47,,,0.0,0.47
NA19904,DQ75/X,0.47,,,-0.117,0.353
NA19908,DQ75/DQ75,0.39,,,0.0,0.39
NA19909,X/X,0.0,,,-0.117,-0.117
NA19913,DQ75/X,0.47,,,-0.234,0.23599999999999996
NA19914,DQ75/X,0.47,,,-0.117,0.353
NA19916,X/X,0.0,,,0.0,0.0
NA19917,DQ75/X,0.47,,,0.0,0.47
NA19920,DQ75/X,0.47,,,0.0,0.47
NA19921,X/X,0.0,,,-0.234,-0.234
NA19922,DQ75/X,0.47,,,0.0,0.47
NA19923,DQ75/X,0.47,,,0.0,0.47
NA19982,X/X,0.0,,,-0.117,-0.117
NA19984,DQ75/X,0.47,,,0.0,0.47
NA20126,DQ75/DQ75,0.39,,,0.0,0.39
NA20127,DQ75/DQ75,0.39,,,0.0,0.39
NA20274,DQ75/X,0.47,,,-0.117,0.353
NA20276,DQ75/X,0.47,,,0.0,0.47
NA20278,DQ75/DQ75,0.39,,,-0.117,0.273
NA20281,DQ75/DQ75,0.39,,,0.0,0.39
NA20282,X/X,0.0,,,-0.117,-0.117
NA20287,X/X,0.0,,,0.0,0.0
NA20289,DQ75/DQ75,0.39,,,0.0,0.39
NA20291,DQ75/DQ75,0.39,,,0.0,0.39
NA20294,DQ75/DQ75,0.39,,,0.0,0.39
NA20296,X/X,0.0,,,0.0,0.0
NA20298,DQ75/DQ75,0.39,,,0.0,0.39
NA20299,X/X,0.0,,,0.0,0.0
NA20314,DQ75/X,0.47,,,-0.234,0.23599999999999996
NA20317,DQ75/DQ75,0.39,,,-0.117,0.273
NA20318,DQ75/X,0.47,,,0.0,0.47
NA20320,DQ75/DQ75,0.39,,,0.0,0.39
NA20321,DQ75/DQ75,0.39,,,0.0,0.39
NA20332,DQ75/DQ75,0.39,,,0.0,0.39
NA20334,DQ75/X,0.47,,,-0.234,0.23599999999999996
NA20339,X/X,0.0,,,-0.117,-0.117
NA20340,X/X,0.0,,,0.0,0.0
NA20342,DQ75/DQ75,0.39,,,0.0,0.39
NA20346,DQ75/DQ75,0.39,,,0.0,0.39
NA20348,DQ75/DQ75,0.39,,,0.0,0.39
NA20351,DQ75/X,0.47,,,-0.117,0.353
NA20355,DQ75/DQ75,0.39,,,-0.117,0.273
NA20356,DQ75/X,0.47,,,0.0,0.47
NA20357,DQ75/DQ75,0.39,,,0.0,0.39
NA20359,DQ75/X,0.47,,,-0.117,0.353
NA20362,DQ75/X,0.47,,,-0.234,0.23599999999999996
NA20412,DQ75/DQ75,0.39,,,0.0,0.39
NA20502,DQ75/X,0.47,,,-0.234,0.23599999999999996
NA20503,DQ75/X,0.47,,,-0.117,0.353
NA20504,DQ75/DQ75,0.39,,,-0.234,0.156
NA20505,DQ75/DQ75,0.39,,,-0.117,0.273
NA20506,DQ75/X,0.47,,,-0.117,0.353
NA20507,DQ75/DQ75,0.39,,,-0.117,0.273
NA20508,X/X,0.0,,,0.0,0.0
NA20509,X/X,0.0,,,-0.117,-0.117
NA20510,DQ75/DQ75,0.39,,,-0.117,0.273
NA20511,DQ75/DQ75,0.39,,,-0.117,0.273
NA20512,DQ75/X,0.47,,,0.0,0.47
NA20513,X/X,0.0,,,0.0,0.0
NA20514,X/X,0.0,,,-0.234,-0.234
NA20515,DQ75/DQ75,0.39,,,0.0,0.39
NA20516,DQ75/X,0.47,,,-0.117,0.353
NA20517,X/X,0.0,,,-0.117,-0.117
NA20518,DQ75/X,0.47,,,-0.234,0.23599999999999996
NA20519,X/X,0.0,,,-0.117,-0.117
NA20520,DQ75/X,0.47,,,-0.117,0.353
NA20521,X/X,0.0,,,0.0,0.0
NA20522,X/X,0.0,,,0.0,0.0
NA20524,X/X,0.0,,,-0.117,-0.117
NA20525,DQ75/X,0.47,,,-0.234,0.23599999999999996
NA20527,DQ75/X,0.47,,,-0.117,0.353
NA20528,X/X,0.0,,,0.0,0.0
NA20529,DQ75/DQ75,0.39,,,-0.117,0.273
NA20530,DQ75/X,0.47,,,-0.234,0.23599999999999996
NA20531,X/X,0.0,,,-0.117,-0.117
NA20532,X/X,0.0,,,0.0,0.0
NA20533,X/X,0.0,,,-0.234,-0.234
NA20534,DQ75/X,0.47,,,0.0,0.47
NA20535,DQ75/X,0.47,,,-0.117,0.353
NA20536,X/X,0.0,,,-0.117,-0.117
NA20538,DQ75/X,0.47,,,0.0,0.47
NA20539,DQ75/DQ75,0.39,,,0.0,0.39
NA20540,X/X,0.0,,,0.0,0.0
NA20541,DQ75/X,0.47,,,0.0,0.47
NA20542,DQ75/DQ75,0.39,,,-0.117,0.273
NA20543,DQ75/X,0.47,,,-0.117,0.353
NA20544,DQ75/X,0.47,,,-0.117,0.353
NA20581,X/X,0.0,,,-0.117,-0.117
NA20582,DQ75/DQ75,0.39,,,0.0,0.39
NA20585,DQ75/DQ75,0.39,,,-0.117,0.273
NA20586,DQ75/DQ75,0.39,,,-0.117,0.273
NA20587,DQ75/X,0.47,,,-0.117,0.353
NA20588,X/X,0.0,,,-0.234,-0.234
NA20589,DQ75/X,0.47,,,0.0,0.47
NA20752,DQ75/X,0.47,,,-0.234,0.23599999999999996
NA20753,X/X,0.0,,,-0.117,-0.117
NA20754,DQ75/X,0.47,,,-0.117,0.353
NA20755,X/X,0.0,,,-0.117,-0.117
NA20756,DQ75/DQ75,0.39,,,-0.117,0.273
NA20757,X/X,0.0,,,-0.234,-0.234
NA20758,DQ75/X,0.47,,,-0.117,0.353
NA20759,DQ75/X,0.47,,,-0.117,0.353
NA20760,X/X,0.0,,,-0.117,-0.117
NA20761,DQ75/DQ75,0.39,,,-0.117,0.273
NA20762,DQ75/DQ75,0.39,,,-0.234,0.156
NA20763,DQ75/DQ75,0.39,,,-0.117,0.273
NA20764,X/X,0.0,,,-0.117,-0.117
NA20765,X/X,0.0,,,0.0,0.0
NA20766,DQ75/X,0.47,,,-0.117,0.353
NA20767,X/X,0.0,,,-0.117,-0.117
NA20768,X/X,0.0,,,0.0,0.0
NA20769,DQ75/DQ75,0.39,,,-0.117,0.273
NA20770,X/X,0.0,,,0.0,0.0
NA20771,DQ75/X,0.47,,,-0.117,0.353
NA20772,X/X,0.0,,,-0.117,-0.117
NA20773,X/X,0.0,,,-0.117,-0.117
NA20774,DQ75/X,0.47,,,-0.117,0.353
NA20775,DQ75/X,0.47,,,0.0,0.47
NA20778,DQ75/DQ75,0.39,,,-0.234,0.156
NA20783,X/X,0.0,,,0.0,0.0
NA20785,X/X,0.0,,,0.0,0.0
NA20786,X/X,0.0,,,-0.117,-0.117
NA20787,DQ75/X,0.47,,,-0.234,0.23599999999999996
NA20790,X/X,0.0,,,0.0,0.0
NA20792,DQ75/X,0.47,,,-0.117,0.353
NA20795,DQ75/X,0.47,,,-0.117,0.353
NA20796,DQ75/X,0.47,,,-0.234,0.23599999999999996
NA20797,DQ75/DQ75,0.39,,,-0.117,0.273
NA20798,DQ75/DQ75,0.39,,,-0.234,0.156
NA20799,DQ75/X,0.47,,,-0.117,0.353
NA20800,DQ75/DQ75,0.39,,,-0.117,0.273
NA20801,DQ75/X,0.47,,,-0.234,0.23599999999999996
NA20802,X/X,0.0,,,-0.117,-0.117
NA20803,DQ75/X,0.47,,,-0.234,0.23599999999999996
NA20804,X/X,0.0,,,-0.117,-0.117
NA20805,X/X,0.0,,,-0.117,-0.117
NA20806,DQ75/DQ75,0.39,,,-0.117,0.273
NA20807,DQ75/X,0.47,,,0.0,0.47
NA20808,DQ75/X,0.47,,,0.0,0.47
NA20809,DQ75/DQ75,0.39,,,-0.117,0.273
NA20810,DQ75/DQ75,0.39,,,-0.234,0.156
NA20811,X/X,0.0,,,-0.234,-0.234
NA20812,DQ75/DQ75,0.39,,,-0.117,0.273
NA20813,DQ75/X,0.47,,,-0.117,0.353
NA20814,X/X,0.0,,,-0.117,-0.117
NA20815,DQ75/DQ75,0.39,,,-0.234,0.156
NA20818,DQ75/X,0.47,,,-0.117,0.353
NA20819,DQ75/X,0.47,,,-0.234,0.23599999999999996
NA20821,DQ75/X,0.47,,,0.0,0.47
NA20822,DQ75/X,0.47,,,-0.117,0.353
NA20826,DQ75/DQ75,0.39,,,0.0,0.39
NA20827,X/X,0.0,,,-0.117,-0.117
NA20828,X/X,0.0,,,0.0,0.0
NA20832,X/X,0.0,,,-0.117,-0.117
NA20845,DQ75/DQ75,0.39,,,0.0,0.39
NA20846,DQ75/DQ75,0.39,,,-0.234,0.156
NA20847,X/X,0.0,,,-0.117,-0.117
NA20849,DQ75/X,0.47,,,0.0,0.47
NA20850,DQ75/DQ75,0.39,,,-0.234,0.156
NA20851,DQ75/X,0.47,,,-0.234,0.23599999999999996
NA20852,X/X,0.0,,,-0.117,-0.117
NA20853,X/X,0.0,,,0.0,0.0
NA20854,X/X,0.0,,,-0.117,-0.117
NA20856,X/X,0.0,,,-0.117,-0.117
NA20858,DQ75/DQ75,0.39,,,-0.117,0.273
NA20859,X/X,0.0,,,-0.117,-0.117
NA20861,DQ75/DQ75,0.39,,,0.0,0.39
NA20862,DQ75/X,0.47,,,0.0,0.47
NA20863,DQ75/X,0.47,,,-0.234,0.23599999999999996
NA20864,X/X,0.0,,,0.0,0.0
NA20866,DQ75/X,0.47,,,0.0,0.47
NA20867,DQ75/X,0.47,,,-0.117,0.353
NA20868,DQ75/X,0.47,,,-0.117,0.353
NA20869,DQ75/X,0.47,,,-0.117,0.353
NA20870,DQ75/X,0.47,,,-0.117,0.353
NA20872,X/X,0.0,,,0.0,0.0
NA20874,X/X,0.0,,,-0.117,-0.117
NA20875,DQ75/DQ75,0.39,,,0.0,0.39
NA20876,X/X,0.0,,,0.0,0.0
NA20877,DQ75/X,0.47,,,0.0,0.47
NA20878,X/X,0.0,,,0.0,0.0
NA20881,DQ75/X,0.47,,,-0.117,0.353
NA20882,DQ75/X,0.47,,,-0.234,0.23599999999999996
NA20884,DQ75/X,0.47,,,-0.117,0.353
NA20885,DQ75/DQ75,0.39,,,0.0,0.39
NA20886,DQ75/X,0.47,,,0.0,0.47
NA20887,DQ75/DQ75,0.39,,,-0.117,0.273
NA20888,DQ75/X,0.47,,,-0.234,0.23599999999999996
NA20889,DQ75/X,0.47,,,-0.117,0.353
NA20890,DQ75/X,0.47,,,0.0,0.47
NA20891,X/X,0.0,,,-0.117,-0.117
NA20892,X/X,0.0,,,-0.117,-0.117
NA20894,X/X,0.0,,,-0.117,-0.117
NA20895,DQ75/DQ75,0.39,,,0.0,0.39
NA20896,X/X,0.0,,,-0.117,-0.117
NA20897,DQ75/DQ75,0.39,,,-0.117,0.273
NA20899,X/X,0.0,,,-0.234,-0.234
NA20900,X/X,0.0,,,-0.234,-0.234
NA20901,X/X,0.0,,,-0.117,-0.117
NA20902,DQ75/X,0.47,,,0.0,0.47
NA20903,DQ75/X,0.47,,,0.0,0.47
NA20904,X/X,0.0,,,-0.117,-0.117
NA20905,X/X,0.0,,,-0.117,-0.117
NA20906,X/X,0.0,,,-0.117,-0.117
NA20908,X/X,0.0,,,-0.234,-0.234
NA20910,DQ75/DQ75,0.39,,,-0.117,0.273
NA20911,DQ75/DQ75,0.39,,,-0.234,0.156
NA21086,X/X,0.0,,,-0.117,-0.117
NA21087,DQ75/DQ75,0.39,,,0.0,0.39
NA21088,X/X,0.0,,,-0.117,-0.117
NA21089,DQ75/DQ75,0.39,,,0.0,0.39
NA21090,DQ75/DQ75,0.39,,,-0.234,0.156
NA21091,DQ75/X,0.47,,,0.0,0.47
NA21092,X/X,0.0,,,-0.117,-0.117
NA21093,DQ75/X,0.47,,,-0.117,0.353
NA21094,X/X,0.0,,,-0.117,-0.117
NA21095,X/X,0.0,,,-0.234,-0.234
NA21097,X/X,0.0,,,-0.117,-0.117
NA21098,DQ75/DQ75,0.39,,,-0.117,0.273
NA21099,X/X,0.0,,,-0.117,-0.117
NA21100,X/X,0.0,,,0.0,0.0
NA21101,X/X,0.0,,,-0.234,-0.234
NA21102,DQ75/X,0.47,,,-0.117,0.353
NA21103,X/X,0.0,,,-0.117,-0.117
NA21104,X/X,0.0,,,-0.117,-0.117
NA21105,DQ75/X,0.47,,,-0.234,0.23599999999999996
NA21106,X/X,0.0,,,0.0,0.0
NA21107,DQ75/DQ75,0.39,,,0.0,0.39
NA21108,X/X,0.0,,,-0.117,-0.117
NA21109,DQ75/X,0.47,,,-0.117,0.353
NA21110,X/X,0.0,,,0.0,0.0
NA21111,X/X,0.0,,,0.0,0.0
NA21112,DQ75/X,0.47,,,-0.117,0.353
NA21113,X/X,0.0,,,0.0,0.0
NA21114,X/X,0.0,,,0.0,0.0
NA21115,DQ75/X,0.47,,,-0.117,0.353
NA21116,X/X,0.0,,,-0.234,-0.234
NA21117,DQ75/DQ75,0.39,,,-0.234,0.156
NA21118,DQ75/DQ75,0.39,,,-0.117,0.273
NA21119,DQ75/X,0.47,,,-0.117,0.353
NA21120,X/X,0.0,,,0.0,0.0
NA21122,X/X,0.0,,,-0.117,-0.117
NA21123,X/X,0.0,,,-0.117,-0.117
NA21124,DQ75/DQ75,0.39,,,0.0,0.39
NA21125,X/X,0.0,,,-0.117,-0.117
NA21126,X/X,0.0,,,-0.117,-0.117
NA21127,X/X,0.0,,,-0.234,-0.234
NA21128,DQ75/DQ75,0.39,,,-0.234,0.156
NA21129,DQ75/X,0.47,,,-0.117,0.353
NA21130,X/X,0.0,,,-0.117,-0.117
NA21133,X/X,0.0,,,0.0,0.0
NA21135,X/X,0.0,,,0.0,0.0
NA21137,X/X,0.0,,,-0.234,-0.234
NA21141,DQ75/DQ75,0.39,,,0.0,0.39
NA21142,DQ75/DQ75,0.39,,,0.0,0.39
NA21143,X/X,0.0,,,0.0,0.0
NA21144,X/X,0.0,,,-0.117,-0.117
